Season,Name,playerId,Team,Bats,G_L,PA_L,AB_L,H_L,1B_L,2B_L,3B_L,HR_L,R_L,RBI_L,BB_L,IBB_L,SO_L,HBP_L,SF_L,SH_L,GDP_L,SB_L,CS_L,AVG_L,G_R,PA_R,AB_R,H_R,1B_R,2B_R,3B_R,HR_R,R_R,RBI_R,BB_R,IBB_R,SO_R,HBP_R,SF_R,SH_R,GDP_R,SB_R,CS_R,AVG_R
2019,A.J. Pollock,9256,LAD,R,48,108,99,32,23,3,0,6,15,18,6,1,22,2,1,0,1,2,0,0.323232323,82,234,209,50,28,12,1,9,34,29,17,0,52,5,3,0,6,3,1,0.239234449
2019,Aaron Altherr,11270,3 Tms,R,18,21,20,3,1,2,0,0,5,1,1,0,6,0,0,0,0,0,0,0.15,30,45,41,2,1,0,0,1,3,2,2,0,19,1,1,0,1,0,0,0.048780487
2019,Aaron Hicks,5297,NYY,S,32,84,79,21,16,3,0,2,10,8,4,0,23,0,1,0,0,0,1,0.265822784,55,171,142,31,14,7,0,10,31,28,27,0,49,0,2,0,2,1,1,0.218309859
2019,Aaron Judge,15640,NYY,R,51,122,99,34,19,7,0,8,19,19,22,2,28,1,0,0,5,3,0,0.343434343,101,325,279,69,38,11,1,19,56,36,42,2,113,2,1,0,6,0,2,0.247311827
2019,Aaron Nola,16149,PHI,R,13,25,22,1,1,0,0,0,0,1,1,0,16,0,0,2,0,0,0,0.045454545,23,45,37,6,4,2,0,0,6,1,5,0,19,0,0,3,0,0,0,0.162162162
2019,Abraham Toro,19844,HOU,S,14,26,23,2,2,0,0,0,0,0,2,0,6,1,0,0,0,0,0,0.086956521,24,63,55,15,8,3,2,2,13,9,7,0,13,0,1,0,2,1,1,0.272727272
2019,Adalberto Mondesi,13769,KCR,S,69,141,133,34,26,4,1,3,15,16,3,0,37,0,3,2,4,14,5,0.255639097,96,302,282,75,44,16,9,6,43,46,16,0,95,0,3,1,2,29,2,0.265957446
2019,Adam Duvall,10950,ATL,R,17,44,39,13,6,2,1,4,6,8,3,0,9,1,1,0,0,0,0,0.333333333,38,86,81,19,11,2,0,6,11,11,4,0,30,1,0,0,0,0,0,0.234567901
2019,Adam Eaton,11205,WSN,L,85,157,138,40,28,7,3,2,27,10,12,0,28,3,0,4,0,4,2,0.289855072,144,499,428,118,83,18,4,13,76,39,53,0,78,10,3,5,8,11,1,0.275700934
2019,Adam Engel,15082,CHW,R,44,89,83,26,17,6,1,2,12,9,5,0,22,1,0,0,2,3,1,0.313253012,74,159,144,29,20,4,1,4,14,17,9,0,56,5,0,1,3,0,2,0.201388888
2019,Adam Frazier,15223,PIT,L,83,156,143,37,26,8,2,1,14,11,9,1,22,1,0,3,1,0,2,0.258741258,142,452,411,117,78,25,5,9,66,39,31,3,53,8,1,1,5,5,3,0.284671532
2019,Adam Haseley,19878,PHI,L,35,57,52,11,9,2,0,0,7,8,3,0,16,2,0,0,2,1,0,0.211538461,66,185,170,48,31,12,0,5,23,18,11,1,44,3,0,1,5,3,0,0.282352941
2019,Adam Jones,6368,ARI,R,74,170,157,41,25,11,1,4,21,22,10,1,33,1,2,0,3,0,0,0.261146496,125,358,328,85,59,14,0,12,45,45,21,1,68,7,1,0,12,2,1,0.259146341
2019,Adam Wainwright,2233,STL,R,10,16,15,1,0,1,0,0,1,0,0,0,6,0,0,1,0,0,0,0.066666666,22,43,35,7,5,2,0,0,5,2,2,0,14,0,1,5,0,0,0,0.2
2019,Addison Russell,14106,CHC,R,35,62,52,10,6,2,0,2,6,6,9,1,19,0,1,0,2,0,0,0.192307692,67,179,163,41,31,2,1,7,19,17,11,1,39,3,1,1,5,2,0,0.251533742
2019,Adeiny Hechavarria,10459,2 Tms,R,33,49,46,12,6,2,0,4,11,8,3,0,6,0,0,0,0,1,0,0.260869565,69,172,157,37,21,10,1,5,23,25,11,0,42,3,1,0,3,2,1,0.235668789
2019,Albert Almora Jr.,14109,CHC,R,53,114,108,23,20,1,0,2,10,8,5,1,21,1,0,0,1,0,0,0.212962962,99,249,231,57,36,10,1,10,31,24,11,3,41,0,2,5,7,2,1,0.246753246
2019,Albert Pujols,1177,LAA,R,76,181,165,43,23,9,0,11,20,37,14,1,22,0,2,0,7,1,0,0.26060606,122,364,326,77,52,13,0,12,35,56,29,0,46,3,6,0,14,2,0,0.236196319
2019,Aledmys Diaz,15937,HOU,R,42,77,65,14,7,3,1,3,10,11,11,0,7,0,1,0,4,1,0,0.215384615,60,170,145,43,28,9,0,6,26,29,15,1,21,5,5,0,6,1,0,0.296551724
2019,Alen Hanson,12926,TOR,S,13,23,21,4,4,0,0,0,3,2,1,0,9,0,1,0,0,1,0,0.19047619,14,25,22,3,3,0,0,0,2,2,2,1,8,1,0,0,0,0,0,0.136363636
2019,Alex Avila,7476,ARI,L,25,36,32,7,4,2,0,1,3,7,3,0,11,1,0,0,4,0,0,0.21875,59,165,132,27,13,6,0,8,19,17,33,7,57,0,0,0,4,1,0,0.204545454
2019,Alex Bregman,17678,HOU,R,84,194,163,57,26,14,1,16,36,38,28,2,23,1,2,0,3,1,0,0.349693251,151,496,391,107,58,23,1,25,86,74,91,0,60,8,6,0,6,4,1,0.273657289
2019,Alex Dickerson,12649,2 Tms,L,20,22,21,4,2,1,1,0,3,2,1,0,5,0,0,0,1,0,0,0.19047619,63,168,153,44,24,12,2,6,26,26,12,1,37,2,1,0,4,1,1,0.287581699
2019,Alex Gordon,5209,KCR,L,93,176,153,38,27,8,0,3,17,22,13,0,31,7,2,1,5,2,0,0.248366013,146,457,403,110,76,23,1,10,60,54,38,4,69,12,4,0,8,3,3,0.272952853
2019,Alex Verdugo,17027,LAD,L,55,109,101,33,23,6,2,2,13,9,5,0,16,1,2,0,3,2,1,0.326732673,98,268,242,68,42,16,0,10,30,35,21,1,33,1,4,0,5,2,0,0.280991735
2019,Amed Rosario,15518,NYM,R,76,162,148,46,27,12,1,6,29,18,12,0,32,0,1,1,4,3,2,0.31081081,145,493,468,131,98,18,6,9,46,54,19,2,92,3,2,1,9,16,8,0.279914529
2019,Andrelton Simmons,10847,LAA,R,49,109,99,30,22,4,0,4,15,7,9,0,7,1,0,0,7,2,0,0.303030303,98,315,299,75,57,15,0,3,32,33,15,1,30,1,0,0,14,8,2,0.25083612
2019,Andrew Benintendi,17901,BOS,L,91,188,160,43,26,12,0,5,20,27,21,0,43,3,3,1,2,0,1,0.26875,129,427,381,101,60,28,5,8,52,41,38,1,97,4,2,2,4,10,2,0.265091863
2019,Andrew Knapp,14942,PHI,S,29,37,32,8,6,2,0,0,3,2,4,0,11,0,0,1,0,0,0,0.25,59,123,104,21,12,7,0,2,9,6,14,2,40,3,0,2,2,0,0,0.201923076
2019,Andrew Knizner,19514,STL,R,6,10,10,2,2,0,0,0,0,1,0,0,2,0,0,0,0,0,0,0.2,17,48,43,10,6,2,0,2,7,6,4,0,12,1,0,0,3,2,0,0.232558139
2019,Andrew McCutchen,9847,PHI,R,33,63,51,15,10,4,1,0,12,4,12,0,11,0,0,0,1,1,0,0.294117647,56,199,168,41,23,8,0,10,33,25,31,0,44,0,0,0,0,1,1,0.244047619
2019,Anibal Sanchez,3284,WSN,R,7,12,11,1,1,0,0,0,0,1,0,0,6,0,0,1,1,0,0,0.09090909,23,44,41,5,5,0,0,0,1,0,0,0,18,0,0,3,2,0,0,0.121951219
2019,Anthony DeSclafani,13050,CIN,R,10,16,15,1,1,0,0,0,0,1,0,0,10,0,0,1,0,0,0,0.066666666,23,41,40,5,5,0,0,0,0,0,0,0,18,0,0,1,0,0,0,0.125
2019,Anthony Rendon,12861,WSN,R,87,171,136,43,23,9,1,10,38,26,26,7,27,5,4,0,0,3,0,0.31617647,142,475,409,131,70,35,2,24,79,100,54,1,59,7,5,0,13,2,1,0.320293398
2019,Anthony Rizzo,3473,CHC,L,82,151,124,31,20,5,0,6,19,30,15,0,20,10,2,0,5,1,1,0.25,139,462,388,119,71,24,3,21,70,64,56,3,66,17,1,0,10,4,1,0.30670103
2019,Anthony Santander,14551,BAL,S,65,145,136,37,24,4,0,9,18,28,7,0,37,1,1,0,1,1,1,0.272058823,89,260,244,62,34,16,1,11,28,31,12,0,49,1,2,1,0,0,1,0.25409836
2019,Antonio Senzatela,15488,COL,R,10,18,16,1,1,0,0,0,1,2,0,0,10,0,0,2,0,0,0,0.0625,14,28,24,0,0,0,0,0,1,1,1,0,14,0,0,3,0,0,0,0
2019,Aristides Aquino,15482,CIN,R,24,54,49,13,6,3,0,4,5,10,4,0,17,1,0,0,2,1,0,0.265306122,54,171,156,40,20,5,0,15,26,37,12,2,43,1,2,0,3,6,0,0.256410256
2019,Asdrubal Cabrera,4962,2 Tms,S,73,140,117,31,20,8,0,3,13,23,19,0,20,0,4,0,2,1,0,0.264957264,125,374,330,85,52,17,1,15,56,68,38,2,83,3,3,0,7,3,0,0.257575757
2019,Austin Allen,18083,SDP,L,9,10,10,1,1,0,0,0,1,1,0,0,4,0,0,0,1,0,0,0.1,29,61,55,13,9,4,0,0,3,2,6,3,17,0,0,0,1,0,0,0.236363636
2019,Austin Barnes,12158,LAD,R,38,70,62,12,7,4,0,1,6,8,5,1,17,2,1,0,5,0,0,0.193548387,62,172,150,31,18,8,1,4,22,17,18,2,39,3,1,0,3,3,0,0.206666666
2019,Austin Dean,18288,MIA,R,31,65,62,15,9,4,0,2,4,4,3,0,18,0,0,0,1,0,1,0.241935483,48,124,116,25,11,10,0,4,13,17,6,1,29,0,1,1,4,0,1,0.215517241
2019,Austin Hays,19363,BAL,R,16,27,25,3,2,1,0,0,2,2,2,0,5,0,0,0,0,0,0,0.12,16,48,43,18,9,5,0,4,10,11,5,0,8,0,0,0,0,2,0,0.418604651
2019,Austin Hedges,12976,SDP,R,48,84,70,10,7,2,0,1,6,9,9,1,30,3,1,1,1,1,0,0.142857142,93,263,242,45,28,7,0,10,22,27,18,2,79,2,0,1,2,0,0,0.185950413
2019,Austin Meadows,15672,TBR,L,92,177,167,46,26,8,3,9,17,32,9,0,53,1,0,0,0,2,2,0.275449101,135,414,363,108,59,21,4,24,66,57,45,6,78,6,0,0,3,10,5,0.297520661
2019,Austin Nola,15941,SEA,R,43,90,78,20,9,5,1,5,18,14,12,1,15,0,0,0,4,0,0,0.256410256,63,177,160,44,32,7,0,5,19,17,11,0,48,4,1,1,4,1,0,0.275
2019,Austin Riley,18360,ATL,R,39,74,65,17,6,4,0,7,13,15,8,3,28,0,1,0,0,0,1,0.261538461,75,223,209,45,26,7,1,11,28,34,8,0,80,5,1,0,4,0,1,0.215311004
2019,Austin Romine,5491,NYY,R,36,72,68,21,14,5,0,2,12,8,4,0,11,0,0,0,4,0,0,0.308823529,65,168,160,43,30,7,0,6,17,27,6,0,39,0,1,1,3,1,1,0.26875
2019,Austin Slater,16153,SFG,R,45,91,80,22,12,6,2,2,8,10,11,0,19,0,0,0,1,1,0,0.275,46,101,88,18,11,3,1,3,12,11,11,1,40,2,0,0,0,0,0,0.204545454
2019,Austin Wynns,15271,BAL,R,9,17,16,3,2,1,0,0,1,1,1,0,1,0,0,0,0,0,0,0.1875,20,57,54,12,11,0,0,1,7,4,2,0,13,0,0,1,2,0,0,0.222222222
2019,Avisail Garcia,5760,TBR,R,75,177,162,43,28,7,1,7,22,19,14,1,40,1,0,0,7,0,1,0.265432098,120,353,327,95,63,18,1,13,39,53,17,1,85,6,3,0,8,10,3,0.290519877
2019,Ben Gamel,12160,MIL,L,55,79,65,23,19,3,0,1,7,8,12,0,22,1,1,0,0,1,0,0.353846153,113,277,246,54,33,15,0,6,40,25,28,2,82,2,1,0,0,1,2,0.219512195
2019,Ben Zobrist,7435,CHC,S,22,28,21,4,4,0,0,0,7,1,7,0,4,0,0,0,3,0,0,0.19047619,47,148,129,35,29,5,0,1,17,16,16,0,20,1,2,0,3,0,0,0.271317829
2019,Billy Hamilton,10199,2 Tms,S,61,121,103,19,12,6,1,0,12,5,14,1,30,0,1,3,0,6,3,0.184466019,99,232,213,50,41,8,1,0,29,10,18,0,57,0,1,0,1,16,3,0.234741784
2019,Billy McKinney,15654,TOR,L,35,54,51,10,6,1,0,3,10,6,1,0,18,1,0,1,0,0,1,0.196078431,80,222,200,44,21,13,1,9,27,22,18,0,55,1,2,1,0,0,1,0.22
2019,Blake Swihart,13176,2 Tms,S,13,20,18,2,2,0,0,0,2,0,2,0,7,0,0,0,0,0,0,0.111111111,38,79,74,13,8,1,0,4,11,13,4,0,29,1,0,0,2,0,0,0.175675675
2019,Bo Bichette,19612,TOR,R,30,63,57,21,12,5,0,4,12,6,5,0,14,0,1,0,1,0,1,0.368421052,43,149,139,40,20,13,0,7,20,15,9,0,36,1,0,0,1,4,3,0.287769784
2019,Bobby Bradley,17278,CLE,L,6,13,12,2,0,2,0,0,1,2,1,0,5,0,0,0,0,0,0,0.166666666,15,36,33,6,2,3,0,1,3,2,3,0,15,0,0,0,2,0,0,0.181818181
2019,Brad Miller,12775,2 Tms,L,20,22,19,3,2,0,0,1,3,5,3,0,7,0,0,0,0,0,0,0.157894736,74,148,135,37,18,6,1,12,23,20,12,0,38,1,0,0,2,2,0,0.274074074
2019,Braden Bishop,17806,SEA,R,12,25,24,2,2,0,0,0,1,0,1,0,8,0,0,0,0,0,0,0.083333333,16,35,32,4,4,0,0,0,2,4,2,0,13,0,0,1,0,0,0,0.125
2019,Brandon Belt,10264,SFG,L,84,159,133,28,18,7,0,3,15,12,23,0,40,2,1,0,2,0,0,0.210526315,142,457,393,95,53,25,3,14,61,45,60,3,87,1,3,0,4,4,3,0.241730279
2019,Brandon Crawford,5343,SFG,L,88,148,140,33,24,7,1,1,14,9,7,0,28,1,0,0,3,1,1,0.235714285,134,412,360,81,53,17,1,10,44,50,46,5,89,2,4,0,7,2,1,0.225
2019,Brandon Dixon,15214,DET,R,55,104,97,27,17,6,1,3,7,13,4,0,31,1,2,0,3,0,1,0.278350515,109,316,294,70,41,14,3,12,34,39,17,0,105,3,2,0,2,5,0,0.238095238
2019,Brandon Drury,11615,TOR,R,70,148,143,33,21,8,1,3,17,10,5,0,39,0,0,0,2,0,0,0.23076923,111,299,275,58,33,13,0,12,26,31,20,0,74,1,3,0,4,0,1,0.21090909
2019,Brandon Lowe,18882,TBR,L,40,68,66,16,11,2,0,3,6,9,2,0,36,0,0,0,0,0,0,0.242424242,81,259,230,64,33,15,2,14,36,42,23,0,77,5,1,0,1,5,0,0.278260869
2019,Brandon Nimmo,12927,NYM,L,37,51,40,15,8,4,0,3,11,10,7,0,14,3,1,0,0,0,0,0.375,65,203,159,29,16,7,1,5,23,19,39,2,57,2,2,1,1,3,0,0.182389937
2019,Brandon Woodruff,16162,MIL,L,10,15,14,4,3,1,0,0,1,0,1,0,7,0,0,0,0,0,0,0.285714285,17,34,31,8,5,3,0,0,0,4,0,0,13,0,0,3,0,0,0,0.258064516
2019,Brendan Rodgers,17907,COL,R,12,26,24,5,5,0,0,0,2,4,2,0,9,0,0,0,1,0,0,0.208333333,22,55,52,12,10,2,0,0,6,3,2,0,18,1,0,0,1,0,0,0.23076923
2019,Brett Gardner,9927,NYY,L,78,142,132,28,16,6,1,5,19,17,9,0,32,1,0,0,1,0,1,0.212121212,132,408,359,95,46,20,6,23,67,57,43,0,76,3,3,0,5,10,1,0.264623955
2019,Brett Phillips,14735,KCR,L,11,13,10,2,1,1,0,0,1,0,2,0,3,0,0,1,0,1,0,0.2,25,66,55,7,4,1,0,2,6,6,8,0,20,0,2,1,1,2,0,0.127272727
2019,Breyvic Valera,12758,2 Tms,S,11,16,15,4,3,1,0,0,3,2,0,0,4,1,0,0,0,0,0,0.266666666,14,36,32,7,4,1,1,1,4,4,4,0,3,0,0,0,1,0,0,0.21875
2019,Brian Anderson,18289,MIA,R,58,123,112,26,15,5,0,6,8,12,6,0,30,5,0,0,2,0,0,0.232142857,124,397,347,94,51,28,1,14,49,54,38,1,84,9,3,0,13,5,1,0.270893371
2019,Brian Dozier,9810,WSN,R,70,136,118,33,18,8,0,7,19,19,18,2,28,0,0,0,4,1,0,0.279661016,125,346,298,66,41,12,0,13,35,31,43,0,77,4,1,0,7,2,4,0.22147651
2019,Brian Goodwin,12858,LAA,L,57,104,95,25,12,8,1,4,12,15,5,0,29,3,0,1,0,1,1,0.263157894,124,354,318,83,47,21,2,13,53,32,33,2,100,0,3,0,3,6,2,0.261006289
2019,Brian McCann,4810,ATL,L,32,41,35,6,4,2,0,0,3,4,5,0,7,0,1,0,2,0,0,0.171428571,81,275,242,63,44,7,0,12,25,41,26,1,46,2,5,0,8,0,0,0.260330578
2019,Brock Holt,9345,BOS,L,37,64,58,13,10,3,0,0,6,6,5,0,12,0,1,0,0,0,0,0.224137931,82,231,201,64,48,11,2,3,32,25,23,1,45,4,3,0,4,1,0,0.31840796
2019,Bryan Holaday,11287,MIA,R,20,35,31,8,6,2,0,0,1,3,3,0,7,0,1,0,1,0,0,0.258064516,36,94,84,24,16,4,0,4,11,9,8,2,14,1,0,1,4,0,1,0.285714285
2019,Bryan Reynolds,19326,PIT,S,77,157,144,38,23,10,0,5,20,17,9,0,36,3,1,0,4,0,0,0.263888888,125,389,347,116,74,27,4,11,63,51,37,0,85,3,2,0,5,3,2,0.334293948
2019,Bryce Harper,11579,PHI,L,99,213,187,53,27,11,0,15,35,44,22,0,53,3,1,0,3,2,1,0.283422459,143,469,386,96,50,25,1,20,63,70,77,11,125,3,3,0,7,13,2,0.248704663
2019,Bubba Starling,13356,KCR,R,33,59,54,10,7,2,0,1,6,2,3,0,12,1,0,1,2,0,0,0.185185185,48,138,132,30,22,5,0,3,20,10,6,0,44,0,0,0,2,2,0,0.227272727
2019,Buster Posey,9166,SFG,R,63,132,126,29,18,11,0,0,12,9,4,0,14,1,1,0,6,0,0,0.23015873,107,313,279,75,55,13,0,7,31,29,30,1,57,3,0,1,12,0,0,0.268817204
2019,Byron Buxton,14161,MIN,R,38,68,63,20,11,6,0,3,16,11,5,0,16,0,0,0,0,1,0,0.317460317,78,227,208,51,16,24,4,7,32,35,14,1,52,2,1,2,3,13,3,0.245192307
2019,C.J. Cron,12546,MIN,R,60,143,129,42,24,7,0,11,23,31,10,3,27,3,1,0,4,0,0,0.325581395,120,356,329,74,43,17,0,14,28,47,19,0,80,7,1,0,9,0,0,0.224924012
2019,Caleb Smith,14875,MIA,R,12,23,20,4,4,0,0,0,1,2,0,0,8,1,0,2,0,0,0,0.2,14,26,23,6,4,2,0,0,1,1,0,0,7,0,0,3,2,0,0,0.260869565
2019,Cam Gallagher,12981,KCR,R,22,41,36,8,4,3,0,1,8,6,3,0,10,1,1,0,1,0,0,0.222222222,37,101,90,22,16,4,0,2,6,6,8,0,18,2,0,1,2,0,1,0.244444444
2019,Cameron Maybin,5223,NYY,R,43,88,78,18,9,6,0,3,13,14,10,0,23,0,0,0,3,2,1,0.23076923,76,181,161,50,31,11,0,8,35,18,20,0,49,0,0,0,2,7,5,0.310559006
2019,Carlos Correa,14162,HOU,R,39,78,65,20,12,4,1,3,8,12,13,0,12,0,0,0,2,0,0,0.307692307,74,243,215,58,28,12,0,18,34,47,22,0,63,2,4,0,6,1,0,0.269767441
2019,Carlos Gomez,4881,NYM,R,15,26,21,5,4,1,0,0,3,1,2,0,3,3,0,0,0,0,1,0.238095238,28,73,65,12,7,2,0,3,7,9,5,0,27,0,1,2,3,4,0,0.184615384
2019,Carlos Gonzalez,7287,2 Tms,L,22,40,35,4,4,0,0,0,8,0,5,0,16,0,0,0,1,0,0,0.114285714,39,126,110,25,19,3,0,3,13,10,13,1,36,1,2,0,2,0,3,0.227272727
2019,Carlos Santana,2396,CLE,S,94,222,185,60,40,9,0,11,34,40,34,3,34,1,2,0,5,2,0,0.324324324,153,464,388,101,56,21,1,23,76,53,74,9,74,2,0,0,8,2,0,0.260309278
2019,Carson Kelly,13620,ARI,R,52,104,87,31,16,9,0,6,18,18,16,5,22,1,0,0,2,0,0,0.356321839,100,261,227,46,24,10,0,12,28,29,32,5,57,1,1,0,9,0,0,0.202643171
2019,Cavan Biggio,19252,TOR,L,71,145,118,28,19,5,1,3,19,10,23,0,41,2,1,0,0,1,0,0.237288135,92,285,236,55,29,12,1,13,47,38,48,0,82,0,1,0,0,13,0,0.233050847
2019,Cedric Mullins,17929,BAL,S,10,18,15,1,1,0,0,0,0,0,2,0,5,0,0,1,0,0,0,0.066666666,21,56,49,5,3,0,2,0,7,4,2,0,9,3,1,1,2,1,0,0.102040816
2019,Cesar Hernandez,10556,PHI,S,95,185,171,45,35,9,0,1,14,16,12,1,22,0,2,0,4,1,1,0.263157894,150,482,441,126,88,22,3,13,63,55,33,3,78,6,2,0,5,8,1,0.285714285
2019,Cesar Puello,7216,2 Tms,R,29,63,49,12,7,3,0,2,5,9,5,1,14,9,0,0,1,0,0,0.244897959,36,84,76,19,15,2,0,2,9,9,5,0,24,2,0,1,1,0,0,0.25
2019,Chad Pinder,15191,OAK,R,83,179,163,41,25,9,0,7,23,27,12,0,39,3,1,0,6,0,0,0.251533742,95,191,178,41,23,12,0,6,22,20,8,0,49,2,2,1,5,0,1,0.230337078
2019,Chad Wallach,17161,MIA,R,9,16,13,4,3,1,0,0,1,0,3,0,4,0,0,0,0,0,0,0.307692307,14,38,35,8,5,2,0,1,3,3,3,0,8,0,0,0,0,0,0,0.228571428
2019,Chance Sisco,15694,BAL,L,22,24,19,2,2,0,0,0,3,0,3,0,9,2,0,0,1,0,0,0.105263157,54,174,148,33,18,7,0,8,26,20,19,0,52,7,0,0,4,0,1,0.222972972
2019,Charles Tilson,12983,CHW,L,16,25,23,3,3,0,0,0,1,1,2,0,7,0,0,0,0,0,0,0.130434782,42,132,121,30,24,5,0,1,15,11,8,1,31,3,0,0,1,4,0,0.247933884
2019,Charlie Blackmon,7859,COL,L,89,234,215,66,36,15,1,14,42,29,12,0,42,6,1,0,4,0,1,0.306976744,125,400,365,116,65,27,6,18,70,57,28,1,62,3,4,0,7,2,4,0.317808219
2019,Charlie Culberson,3298,ATL,R,38,54,53,17,11,3,1,2,6,10,1,0,11,0,0,0,2,0,0,0.320754716,66,90,82,18,12,2,1,3,8,10,5,0,33,1,1,1,3,0,1,0.219512195
2019,Chase Anderson,6895,MIL,R,9,14,13,2,2,0,0,0,0,0,1,0,6,0,0,0,0,0,0,0.153846153,18,30,27,2,1,1,0,0,1,1,1,0,18,0,0,2,0,0,0,0.074074074
2019,Cheslor Cuthbert,10473,KCR,R,43,88,82,26,15,6,0,5,11,17,5,0,18,1,0,0,1,0,0,0.31707317,80,242,227,50,38,8,0,4,13,23,14,1,49,1,0,0,13,1,0,0.220264317
2019,Chris Davis,9272,BAL,L,43,69,61,8,6,0,0,2,4,3,7,0,30,1,0,0,3,0,0,0.13114754,96,283,246,47,28,9,0,10,22,33,32,1,109,2,3,0,3,0,0,0.19105691
2019,Chris Herrmann,9284,OAK,L,6,10,10,2,2,0,0,0,3,1,0,0,2,0,0,0,2,0,0,0.2,28,84,74,15,11,3,0,1,6,7,9,0,27,0,0,1,2,0,0,0.202702702
2019,Chris Iannetta,8267,COL,R,36,73,58,11,6,3,0,2,7,6,14,2,23,0,1,0,6,0,0,0.189655172,41,91,86,21,10,7,0,4,13,15,4,1,31,1,0,0,3,0,0,0.244186046
2019,Chris Owings,10030,2 Tms,R,38,75,67,11,7,3,0,1,7,6,7,0,37,1,0,0,0,3,1,0.164179104,54,121,113,14,8,3,1,2,6,8,7,0,41,1,0,0,2,2,1,0.123893805
2019,Chris Taylor,13757,LAD,R,72,162,141,36,14,14,1,7,20,24,19,3,42,0,1,1,4,2,0,0.255319148,101,252,225,60,37,15,3,5,32,28,18,0,73,4,4,1,2,6,0,0.266666666
2019,Christian Arroyo,16434,TBR,R,12,28,25,6,5,1,0,0,2,1,3,0,9,0,0,0,0,0,0,0.24,14,29,25,5,2,1,0,2,6,6,2,0,9,1,0,1,0,0,0,0.2
2019,Christian Vazquez,9774,BOS,R,85,173,158,45,24,10,0,11,30,28,13,2,26,0,1,1,7,2,0,0.284810126,120,348,324,88,59,16,1,12,36,44,20,1,75,0,2,2,10,2,2,0.271604938
2019,Christian Walker,13419,ARI,R,80,174,145,35,21,8,0,6,23,14,28,1,40,1,0,0,5,1,0,0.24137931,141,429,384,102,60,18,1,23,63,59,39,5,115,5,1,0,6,7,1,0.265625
2019,Christian Yelich,11477,MIL,L,92,202,173,48,25,10,1,12,32,24,25,5,37,4,0,0,5,9,0,0.277456647,121,378,316,113,60,19,2,32,68,73,55,11,81,4,3,0,3,21,2,0.357594936
2019,Christin Stewart,17714,DET,L,47,81,72,17,11,5,0,1,5,6,5,0,19,3,1,0,1,0,0,0.236111111,101,335,297,69,39,20,1,9,27,34,29,3,84,4,5,0,3,0,1,0.232323232
2019,Clayton Kershaw,2036,LAD,L,11,18,13,1,1,0,0,0,0,0,0,0,4,0,0,5,0,0,0,0.076923076,19,47,36,4,3,1,0,0,1,1,1,0,12,0,0,10,0,0,0,0.111111111
2019,Clint Frazier,15983,NYY,R,29,61,56,11,4,3,0,4,6,9,5,1,19,0,0,0,1,0,0,0.196428571,62,185,169,49,30,11,0,8,25,29,11,0,51,2,3,0,1,1,2,0.289940828
2019,Cody Bellinger,15998,LAD,L,113,228,193,54,29,7,0,18,36,44,34,5,38,0,1,0,7,5,1,0.279792746,141,433,366,116,57,27,3,29,85,71,61,16,70,3,3,0,3,10,4,0.31693989
2019,Cole Tucker,17326,PIT,S,26,51,47,9,5,3,0,1,5,8,4,0,19,0,0,0,1,0,0,0.191489361,47,108,100,22,11,7,3,1,11,5,6,1,21,1,0,1,1,0,0,0.22
2019,Colin Moran,16909,PIT,L,57,78,77,21,15,4,0,2,6,11,1,0,18,0,0,0,5,0,1,0.272727272,138,425,389,108,70,26,1,11,40,69,29,4,99,3,4,0,8,0,0,0.277634961
2019,Corey Dickerson,10762,2 Tms,L,38,62,59,16,9,4,0,3,5,15,2,0,15,0,1,0,0,0,0,0.27118644,71,217,201,63,28,24,2,9,28,44,14,4,41,0,2,0,4,1,0,0.313432835
2019,Corey Seager,13624,LAD,L,93,185,167,40,26,8,0,6,19,24,14,0,44,3,1,0,2,0,0,0.239520958,117,356,322,93,43,36,1,13,63,63,30,3,54,1,3,0,6,1,0,0.288819875
2019,Cory Spangenberg,12294,MIL,L,10,18,17,3,1,0,1,1,3,2,0,0,9,0,0,1,0,1,0,0.176470588,30,84,78,19,15,2,1,1,8,8,6,1,27,0,0,0,1,2,0,0.243589743
2019,Curt Casali,12510,CIN,R,46,98,83,20,15,1,0,4,8,12,13,0,22,0,2,0,0,0,0,0.240963855,65,138,124,32,20,8,0,4,16,20,12,1,37,1,1,0,1,0,0,0.258064516
2019,Curtis Granderson,4747,MIA,L,37,60,49,12,4,6,1,1,8,12,8,0,11,1,2,0,2,0,0,0.244897959,130,303,268,46,24,11,0,11,36,22,33,1,87,2,0,0,1,0,3,0.171641791
2019,Dallas Keuchel,9434,ATL,L,6,11,11,1,0,1,0,0,0,0,0,0,8,0,0,0,0,0,0,0.09090909,14,30,27,4,4,0,0,0,0,2,1,0,20,0,0,2,0,0,0,0.148148148
2019,Daniel Descalso,8392,CHC,L,20,22,18,3,2,1,0,0,2,1,2,0,4,0,1,1,0,0,0,0.166666666,71,172,150,26,19,4,1,2,18,14,21,0,53,0,0,0,3,2,1,0.173333333
2019,Daniel Murphy,4316,COL,L,69,135,122,39,24,11,1,3,16,17,11,0,27,1,0,0,0,0,0,0.319672131,123,343,316,83,49,24,0,10,40,61,21,1,47,1,4,0,10,1,1,0.262658227
2019,Daniel Palka,14897,CHW,L,7,11,11,1,1,0,0,0,0,1,0,0,3,0,0,0,1,0,0,0.09090909,29,82,73,8,6,0,0,2,4,3,8,0,32,1,0,0,2,0,1,0.109589041
2019,Daniel Robertson,14145,TBR,R,47,96,84,21,17,3,0,1,8,7,10,0,27,2,0,0,4,1,1,0.25,60,141,123,23,15,6,1,1,15,12,14,0,32,4,0,0,6,1,1,0.186991869
2019,Daniel Vogelbach,14130,SEA,L,79,146,124,20,11,4,0,5,18,17,20,0,40,2,0,0,0,0,0,0.161290322,133,412,338,76,38,13,0,25,55,59,72,2,109,0,2,0,4,0,0,0.224852071
2019,Danny Jansen,16535,TOR,R,68,128,116,26,14,6,0,6,13,15,12,1,25,0,0,0,3,0,1,0.224137931,96,256,231,46,32,6,1,7,28,28,19,0,54,4,1,1,5,0,0,0.199134199
2019,Danny Santana,10322,TEX,S,73,157,145,40,22,8,1,9,26,27,10,0,51,1,1,0,2,6,2,0.275862068,117,354,329,94,55,15,5,19,55,54,15,2,100,5,4,0,6,15,4,0.285714285
2019,Dansby Swanson,18314,ATL,R,55,109,99,29,22,2,1,4,16,16,9,0,19,0,1,0,1,2,2,0.292929292,123,436,384,92,53,24,2,13,61,49,42,2,105,5,4,1,6,8,3,0.239583333
2019,David Bote,14593,CHC,R,55,90,78,17,9,6,0,2,15,9,9,0,25,2,1,0,4,1,0,0.217948717,102,266,225,61,41,11,0,9,32,32,35,4,68,5,1,0,7,4,1,0.271111111
2019,David Dahl,13744,COL,L,55,126,116,37,19,13,2,3,20,15,7,0,38,1,2,0,0,0,0,0.318965517,89,287,258,76,46,15,3,12,47,46,21,0,72,3,3,2,3,4,4,0.294573643
2019,David Fletcher,17992,LAA,R,87,203,181,50,37,9,1,3,33,12,21,2,11,0,1,0,1,1,1,0.276243093,141,450,415,123,96,21,3,3,50,37,34,0,53,0,0,1,7,7,2,0.296385542
2019,David Freese,9549,LAD,R,56,117,101,29,16,8,0,5,20,11,16,0,30,0,0,0,4,0,0,0.287128712,44,69,61,22,11,5,0,6,15,18,7,0,14,1,0,0,3,0,0,0.360655737
2019,David Peralta,2136,ARI,L,63,127,113,28,18,7,1,2,14,15,11,0,31,2,1,0,2,0,0,0.24778761,93,296,269,77,43,22,2,10,34,42,24,3,56,3,0,0,7,0,0,0.286245353
2019,Dawel Lugo,14713,DET,R,36,75,69,16,13,2,0,1,3,5,2,1,19,1,3,0,1,0,0,0.231884057,71,213,204,51,33,9,4,5,25,21,6,0,40,2,1,0,7,0,0,0.25
2019,Dee Gordon,8203,SEA,L,53,96,92,30,27,1,1,1,8,11,2,0,13,1,1,0,2,5,2,0.326086956,107,325,301,78,60,11,5,2,28,23,16,1,48,0,5,3,6,17,3,0.259136212
2019,Delino DeShields,11379,TEX,R,61,134,124,34,20,8,2,4,23,14,8,0,37,1,0,1,0,9,4,0.274193548,100,274,233,55,46,7,2,0,19,18,30,0,63,2,2,7,8,15,2,0.236051502
2019,Derek Dietrich,10542,CIN,L,21,27,25,4,3,1,0,0,0,1,0,0,9,2,0,0,0,0,0,0.16,109,279,226,43,15,7,2,19,41,42,28,2,65,23,1,0,2,1,1,0.190265486
2019,Derek Fisher,16192,2 Tms,L,29,56,49,12,8,0,1,3,6,9,7,0,14,0,0,0,0,2,0,0.244897959,46,111,97,15,7,4,0,4,17,8,14,0,43,0,0,0,3,3,1,0.154639175
2019,Dexter Fowler,4062,STL,S,69,127,108,23,16,3,0,4,15,13,18,0,27,1,0,0,2,0,0,0.212962962,145,447,379,93,56,21,1,15,54,54,56,1,115,7,4,1,4,8,5,0.245382585
2019,Didi Gregorius,6012,NYY,L,48,94,88,19,10,2,1,6,13,20,5,0,13,1,0,0,2,1,0,0.21590909,78,250,236,58,35,12,1,10,34,41,12,1,40,0,2,0,3,1,1,0.245762711
2019,DJ LeMahieu,9874,NYY,R,70,177,160,60,39,11,0,10,32,31,17,0,23,0,0,0,2,3,1,0.375,143,478,442,137,97,22,2,16,77,71,29,0,67,2,4,1,12,2,1,0.309954751
2019,DJ Stewart,17766,BAL,L,21,44,42,14,12,2,0,0,5,2,2,0,6,0,0,0,1,1,1,0.333333333,42,98,84,16,8,4,0,4,10,13,12,1,20,1,1,0,2,0,1,0.19047619
2019,Domingo Santana,10348,SEA,R,69,143,122,29,16,5,0,8,21,19,20,1,48,0,0,0,2,2,2,0.237704918,113,364,329,85,56,15,1,13,42,50,30,0,116,2,2,0,9,6,1,0.258358662
2019,Dominic Smith,15653,NYM,L,32,36,33,10,7,1,0,2,4,7,3,0,7,0,0,0,0,0,1,0.303030303,71,161,144,40,22,9,0,9,31,18,16,0,37,1,0,0,5,1,1,0.277777777
2019,Donovan Solano,8623,SFG,R,56,123,115,39,32,3,1,3,15,12,8,0,23,0,0,0,2,0,1,0.339130434,57,105,100,32,21,10,0,1,12,11,2,0,26,1,2,0,2,0,0,0.32
2019,Dustin Garneau,9433,2 Tms,R,18,35,30,9,6,2,0,1,5,5,4,0,6,1,0,0,1,0,0,0.3,27,66,56,12,7,3,0,2,9,9,6,0,16,3,0,0,0,0,0,0.214285714
2019,Dustin Peterson,15189,DET,R,7,11,8,3,2,1,0,0,1,1,2,0,3,1,0,0,0,0,0,0.375,13,36,36,7,4,3,0,0,2,5,0,0,11,0,0,0,1,1,0,0.194444444
2019,Dwight Smith Jr,13473,BAL,L,54,110,99,21,13,5,0,3,11,17,9,0,32,1,1,0,2,3,1,0.212121212,93,282,258,65,41,11,3,10,35,36,17,0,50,3,3,1,6,2,0,0.251937984
2019,Dylan Moore,18042,SEA,R,47,88,76,17,8,6,0,3,7,8,8,0,25,4,0,0,1,5,4,0.22368421,82,194,171,34,18,8,2,6,24,20,17,0,68,5,0,1,5,6,5,0.198830409
2019,Eddie Rosario,12155,MIN,L,80,162,153,43,27,11,0,5,21,27,8,0,23,0,1,0,2,0,0,0.281045751,131,428,409,112,67,17,1,27,70,82,14,2,63,0,5,0,8,3,1,0.27383863
2019,Eduardo Escobar,6153,ARI,S,93,202,191,57,32,12,2,11,30,35,8,0,35,1,2,0,2,1,0,0.298429319,153,497,445,114,65,17,8,24,64,83,42,3,95,2,8,0,6,4,1,0.256179775
2019,Eduardo Nunez,6848,BOS,R,36,75,70,14,10,2,0,2,5,10,4,0,12,0,1,0,3,3,0,0.2,45,99,97,24,19,5,0,0,8,10,0,0,15,0,1,1,3,2,1,0.24742268
2019,Edwin Encarnacion,2151,2 Tms,R,55,128,106,26,11,4,0,11,23,22,21,1,22,1,0,0,1,0,0,0.245283018,105,358,312,76,39,14,0,23,58,64,37,0,81,6,3,0,3,0,1,0.243589743
2019,Ehire Adrianza,8418,MIN,S,37,61,52,14,11,0,1,2,11,5,6,0,11,1,1,1,2,0,1,0.269230769,68,175,150,41,28,8,2,3,23,17,14,1,29,5,3,1,0,0,1,0.273333333
2019,Elias Diaz,11680,PIT,R,43,88,82,22,16,6,0,0,6,5,5,0,13,0,1,0,4,0,0,0.268292682,92,244,221,51,41,8,0,2,25,23,18,0,43,2,2,1,7,0,0,0.23076923
2019,Eloy Jimenez,17484,CHW,R,63,149,135,35,22,6,0,7,21,20,11,0,45,2,1,0,4,0,0,0.259259259,117,355,333,90,52,12,2,24,48,59,19,0,89,2,1,0,7,0,0,0.27027027
2019,Elvis Andrus,8709,TEX,R,90,198,182,50,35,9,2,4,25,22,12,1,30,1,3,0,4,9,1,0.274725274,142,450,418,115,87,18,2,8,56,50,22,0,66,3,7,0,12,22,7,0.275119617
2019,Ender Inciarte,4922,ATL,L,33,50,44,12,9,3,0,0,5,3,6,0,11,0,0,0,1,2,0,0.272727272,60,180,155,37,22,8,2,5,25,21,20,2,30,4,1,0,0,5,1,0.238709677
2019,Enrique Hernandez,10472,LAD,R,82,176,156,41,30,4,0,7,24,21,16,3,28,2,2,0,2,3,0,0.262820512,112,284,258,57,31,15,1,10,33,43,20,0,69,4,2,0,7,1,0,0.220930232
2019,Eric Hosmer,3516,SDP,L,93,168,156,36,25,9,1,1,12,16,11,0,33,0,1,0,8,0,0,0.23076923,154,499,463,128,86,20,1,21,60,83,29,3,130,3,4,0,4,0,3,0.276457883
2019,Eric Lauer,19316,SDP,R,9,15,10,1,0,1,0,0,1,0,1,0,6,0,0,3,0,0,0,0.1,22,33,30,3,2,1,0,0,0,0,0,0,17,0,0,3,0,0,0,0.1
2019,Eric Sogard,7927,2 Tms,L,57,120,104,29,17,6,0,6,22,12,11,0,22,1,3,1,0,2,0,0.278846153,108,322,292,86,60,17,2,7,37,28,27,2,41,1,0,2,4,6,0,0.294520547
2019,Eric Stamets,13795,CLE,R,9,14,11,1,0,1,0,0,3,0,2,0,5,0,0,1,1,0,0,0.09090909,13,34,30,1,1,0,0,0,1,2,3,0,19,0,1,0,1,0,0,0.033333333
2019,Eric Thames,3711,MIL,L,50,62,50,10,7,1,0,2,4,6,9,0,19,2,1,0,0,0,2,0.2,136,397,346,88,41,22,2,23,63,55,42,4,121,8,1,0,0,3,0,0.25433526
2019,Erik Gonzalez,13369,PIT,R,28,50,48,16,14,2,0,0,5,1,2,0,11,0,0,0,2,2,1,0.333333333,45,106,94,20,16,2,1,1,10,5,7,3,26,1,1,3,3,2,0,0.212765957
2019,Erik Kratz,4403,2 Tms,R,7,11,10,2,0,2,0,0,0,1,1,0,2,0,0,0,0,0,0,0.2,16,42,39,3,2,0,0,1,1,2,1,0,12,2,0,0,0,0,0,0.076923076
2019,Eugenio Suarez,12552,CIN,R,77,156,123,34,19,4,0,11,24,24,30,3,49,1,2,0,1,2,1,0.276422764,152,506,452,122,64,18,2,38,63,79,40,1,140,10,4,0,11,1,1,0.269911504
2019,Evan Longoria,9368,SFG,R,78,161,140,40,26,7,1,6,18,24,18,1,27,2,1,0,5,1,0,0.285714285,122,347,313,75,48,12,1,14,41,45,25,0,85,5,4,0,9,2,1,0.239616613
2019,Fernando Tatis Jr.,19709,SDP,R,38,83,62,26,18,2,1,5,20,12,15,1,19,4,2,0,0,4,2,0.419354838,80,289,272,80,47,11,5,17,41,41,15,0,91,1,1,0,4,12,4,0.294117647
2019,Francisco Cervelli,5275,2 Tms,R,19,35,32,5,3,1,0,1,3,3,3,0,13,0,0,0,1,0,0,0.15625,43,125,109,25,15,7,1,2,12,9,10,0,28,5,0,1,6,1,0,0.229357798
2019,Francisco Lindor,12916,CLE,S,87,223,198,51,32,11,0,8,38,24,23,1,32,2,0,0,3,8,1,0.257575757,134,431,400,119,64,29,2,24,63,50,23,8,66,1,6,1,10,14,4,0.2975
2019,Francisco Mejia,16403,SDP,S,38,65,61,17,13,3,0,1,4,4,4,0,10,0,0,0,4,1,0,0.278688524,69,179,165,43,26,8,2,7,23,18,9,1,46,4,1,0,2,0,1,0.26060606
2019,Franklin Barreto,15519,OAK,R,11,27,27,4,2,0,0,2,2,5,0,0,10,0,0,0,0,1,0,0.148148148,18,31,30,3,1,2,0,0,4,0,1,0,13,0,0,0,0,0,0,0.1
2019,Franmil Reyes,14566,2 Tms,R,71,144,125,35,19,9,0,7,20,23,17,1,39,0,2,0,5,0,0,0.28,136,404,369,88,48,10,0,30,49,58,30,0,117,0,5,0,10,0,0,0.238482384
2019,Freddie Freeman,5361,ATL,L,89,175,161,41,27,6,0,8,30,24,11,0,44,2,1,0,4,0,0,0.254658385,152,517,436,135,75,28,2,30,83,97,76,11,83,4,1,0,13,6,3,0.309633027
2019,Freddy Galvis,6609,2 Tms,S,82,183,180,51,34,13,0,4,16,19,3,0,38,0,0,0,7,2,0,0.283333333,132,406,377,94,59,15,1,19,51,51,25,1,107,1,2,1,7,2,2,0.24933687
2019,Garrett Cooper,15279,MIA,R,53,117,109,24,17,2,0,5,12,13,6,0,26,1,1,0,3,0,0,0.220183486,103,304,272,83,58,14,1,10,40,37,27,0,84,4,1,0,7,0,0,0.305147058
2019,Garrett Hampson,19262,COL,R,54,121,111,27,17,4,2,4,17,11,8,0,26,0,0,2,0,3,1,0.243243243,85,206,188,47,36,5,2,4,23,16,16,1,62,0,2,0,2,12,2,0.25
2019,Gary Sanchez,11442,NYY,R,46,108,95,19,8,4,0,7,15,14,11,2,39,2,0,0,2,0,0,0.2,104,338,301,73,37,8,1,27,47,63,29,1,86,7,1,0,1,0,1,0.242524916
2019,Gavin Lux,19955,LAD,L,9,12,12,1,0,0,0,1,4,1,0,0,4,0,0,0,0,0,0,0.083333333,23,70,63,17,11,4,1,1,8,8,7,0,20,0,0,0,0,2,0,0.269841269
2019,George Springer,12856,HOU,R,61,153,125,34,22,3,1,8,25,18,24,0,32,3,1,0,3,2,1,0.272,114,403,354,106,56,17,2,31,71,78,43,1,81,3,3,0,9,4,1,0.299435028
2019,Gerardo Parra,8553,2 Tms,L,43,69,62,14,8,4,1,1,8,6,3,0,13,2,1,1,1,2,0,0.225806451,108,232,212,50,32,10,0,8,30,42,16,3,46,3,1,0,6,6,3,0.235849056
2019,German Marquez,15038,COL,R,7,14,11,3,1,2,0,0,1,4,0,0,5,0,0,3,0,0,0,0.272727272,20,44,37,8,5,2,1,0,4,7,0,0,9,0,0,7,1,0,0,0.216216216
2019,Giancarlo Stanton,4949,NYY,R,10,17,14,4,1,2,0,1,2,1,3,0,8,0,0,0,0,0,0,0.285714285,17,55,45,13,10,1,0,2,6,12,9,0,16,0,1,0,1,0,0,0.288888888
2019,Gio Urshela,10681,NYY,R,70,150,142,43,25,10,0,8,22,23,6,1,28,1,1,0,4,0,0,0.302816901,114,326,300,96,59,24,0,13,51,51,19,0,59,4,3,0,9,1,1,0.32
2019,Gleyber Torres,16997,NYY,R,71,157,140,40,22,9,0,9,27,23,15,0,37,1,0,1,2,0,1,0.285714285,140,447,406,112,66,17,0,29,69,67,33,3,92,2,6,0,8,5,1,0.275862068
2019,Gordon Beckham,9015,DET,R,34,62,57,9,7,1,1,0,3,0,4,0,17,1,0,0,3,0,0,0.157894736,68,178,166,39,20,12,1,6,26,15,9,0,51,3,0,0,3,3,1,0.234939759
2019,Gorkys Hernandez,4146,BOS,R,13,27,24,1,0,1,0,0,2,1,2,0,6,0,0,1,0,0,0,0.041666666,14,30,25,6,4,0,2,0,3,1,3,0,8,0,1,1,0,1,0,0.24
2019,Grayson Greiner,17062,DET,R,22,38,36,5,3,0,0,2,4,5,2,0,13,0,0,0,1,0,0,0.138888888,57,186,172,37,28,5,1,3,14,14,11,0,57,1,1,1,4,0,0,0.215116279
2019,Greg Allen,16623,CLE,S,38,73,70,13,11,2,0,0,7,3,2,0,14,0,0,1,3,1,0,0.185714285,76,183,161,40,26,7,3,4,23,24,9,1,39,9,1,3,0,7,2,0.248447204
2019,Greg Garcia,10951,SDP,L,35,42,35,7,7,0,0,0,2,3,6,0,10,0,0,1,0,0,0,0.2,128,330,276,70,49,13,4,4,50,28,47,1,73,5,2,0,4,0,2,0.253623188
2019,Gregory Polanco,12907,PIT,L,24,39,35,8,6,0,0,2,2,5,2,0,12,1,0,0,2,0,0,0.228571428,37,128,118,29,16,8,1,4,21,12,10,1,37,0,0,0,2,3,1,0.245762711
2019,Guillermo Heredia,18721,TBR,R,54,124,114,32,18,11,0,3,13,13,8,0,29,2,0,0,2,0,2,0.280701754,61,107,90,14,10,2,0,2,18,7,10,0,31,4,1,2,2,2,0,0.155555555
2019,Hanley Ramirez,8001,CLE,R,10,19,17,3,2,1,0,0,1,3,2,0,7,0,0,0,1,0,0,0.176470588,15,38,32,6,4,0,0,2,3,5,6,0,10,0,0,0,1,0,0,0.1875
2019,Hanser Alberto,11902,BAL,R,92,227,221,88,70,11,2,5,31,20,6,1,25,0,0,0,1,2,3,0.398190045,126,323,303,72,55,10,0,7,31,31,10,0,25,4,3,3,8,2,1,0.237623762
2019,Harold Castro,14691,DET,L,41,68,66,14,14,0,0,0,4,5,2,0,18,0,0,0,0,0,0,0.212121212,91,301,288,89,70,10,4,5,26,33,7,0,68,0,4,2,6,4,2,0.309027777
2019,Harold Ramirez,14387,MIA,R,60,124,118,31,23,6,0,2,13,11,5,1,30,1,0,0,2,0,0,0.262711864,111,322,303,85,59,14,3,9,41,39,13,0,61,4,1,0,6,2,1,0.280528052
2019,Harrison Bader,18030,STL,R,60,106,96,17,6,6,1,4,9,10,9,1,31,1,0,0,2,1,1,0.177083333,118,300,251,54,36,8,2,8,45,29,37,3,86,9,2,1,1,10,2,0.215139442
2019,Hernan Perez,5751,MIL,R,54,119,113,29,17,7,0,5,13,9,4,0,23,0,1,1,4,3,0,0.256637168,63,127,119,24,17,4,0,3,16,9,7,0,43,0,0,1,5,2,1,0.201680672
2019,Howie Kendrick,4229,WSN,R,64,126,117,44,28,10,0,6,23,26,8,1,18,1,0,0,2,1,0,0.376068376,111,244,217,71,46,13,1,11,38,36,19,0,31,3,5,0,9,1,1,0.32718894
2019,Humberto Arteaga,13595,KCR,R,23,41,36,9,8,1,0,0,2,2,2,0,6,1,0,2,0,1,1,0.25,33,94,86,15,12,3,0,0,9,2,6,0,22,1,0,1,2,0,0,0.174418604
2019,Hunter Dozier,15117,KCR,R,70,138,121,34,20,4,2,8,19,20,17,2,33,0,0,0,2,0,2,0.280991735,135,448,402,112,61,25,8,18,56,64,38,0,115,3,5,0,7,2,0,0.278606965
2019,Hunter Pence,8252,TEX,R,50,119,110,36,19,8,1,8,25,22,8,0,23,1,0,0,0,2,1,0.327272727,81,197,176,49,30,9,0,10,28,37,18,0,46,1,2,0,2,4,0,0.27840909
2019,Hunter Renfroe,15464,SDP,R,70,133,113,27,12,3,1,11,20,19,17,1,31,0,3,0,2,1,0,0.238938053,126,361,327,68,30,16,0,22,44,45,29,0,123,2,3,0,4,4,0,0.20795107
2019,Hyun-Jin Ryu,14444,LAD,R,8,14,10,1,1,0,0,0,1,0,2,0,3,0,0,2,0,0,0,0.1,25,53,41,7,5,1,0,1,2,3,2,0,20,0,0,10,0,0,0,0.170731707
2019,Ian Desmond,6885,COL,R,84,198,182,54,24,14,2,14,27,38,15,1,38,0,0,1,6,1,3,0.296703296,113,284,261,59,34,17,2,6,37,27,19,0,81,2,2,0,6,2,0,0.226053639
2019,Ian Happ,17919,CHC,S,24,33,30,7,3,2,1,1,3,4,3,0,11,0,0,0,1,0,0,0.233333333,52,123,110,30,15,5,0,10,22,26,12,0,28,0,1,0,0,2,0,0.272727272
2019,Ian Kinsler,6195,SDP,R,44,78,68,14,9,2,0,3,10,5,8,0,16,1,1,0,1,1,0,0.205882352,79,203,190,42,26,10,0,6,18,17,11,0,38,2,0,0,4,1,4,0.221052631
2019,Ildemaro Vargas,13324,ARI,S,32,55,53,18,10,3,0,5,8,17,1,0,3,0,1,0,3,0,0,0.339622641,71,156,148,36,28,6,1,1,17,7,8,0,21,0,0,0,3,1,0,0.243243243
2019,Isaac Galloway,5238,MIA,R,9,15,15,1,1,0,0,0,2,0,0,0,5,0,0,0,0,0,0,0.066666666,16,39,39,8,7,1,0,0,4,1,0,0,12,0,0,0,0,2,0,0.205128205
2019,Isan Diaz,17922,MIA,L,25,44,40,4,2,0,1,1,3,4,4,0,14,0,0,0,2,0,0,0.1,47,157,139,27,17,5,1,4,14,19,15,0,45,2,1,0,0,0,3,0.194244604
2019,Isiah Kiner-Falefa,16512,TEX,R,36,72,67,14,10,3,1,0,6,6,3,0,17,1,0,1,2,0,0,0.208955223,52,150,135,34,24,9,0,1,17,15,11,0,32,3,1,0,7,3,0,0.251851851
2019,J.D. Davis,16219,NYM,R,69,155,141,44,28,8,0,8,26,17,14,2,28,0,0,0,6,1,0,0.312056737,121,298,269,82,53,14,1,14,39,40,24,0,69,3,2,0,8,2,0,0.304832713
2019,J.D. Martinez,6184,BOS,R,80,170,141,57,28,9,1,19,38,40,25,5,31,2,2,0,7,1,0,0.404255319,142,487,434,118,76,24,1,17,60,65,47,4,107,2,3,0,12,1,0,0.2718894
2019,J.P. Crawford,15491,SEA,L,58,123,106,17,15,2,0,0,9,10,16,0,26,0,1,0,2,1,1,0.160377358,86,273,239,61,31,19,4,7,34,36,27,0,57,2,2,3,2,4,2,0.255230125
2019,J.T. Realmuto,11739,PHI,R,76,158,145,40,20,12,0,8,26,22,9,2,34,2,2,0,2,4,0,0.275862068,140,435,393,108,64,24,3,17,66,61,32,0,89,3,6,0,10,5,1,0.27480916
2019,Jace Peterson,12325,BAL,L,14,26,22,5,4,0,0,1,2,2,3,0,4,1,0,0,0,0,0,0.227272727,29,82,78,17,12,3,1,1,12,9,3,0,20,0,1,0,1,4,1,0.217948717
2019,Jack Flaherty,17479,STL,R,10,14,11,2,2,0,0,0,3,1,1,0,3,0,0,2,0,0,0,0.181818181,28,52,43,8,5,3,0,0,1,3,1,0,14,0,1,7,0,1,1,0.186046511
2019,Jack Mayfield,15402,HOU,R,13,25,24,5,1,3,0,1,4,3,1,0,7,0,0,0,0,0,0,0.208333333,20,40,40,5,2,2,0,1,4,2,0,0,9,0,0,0,0,0,0,0.125
2019,Jackie Bradley Jr.,12984,BOS,L,96,188,164,35,23,8,0,4,19,16,16,1,56,6,1,1,3,3,1,0.213414634,137,379,330,76,36,20,3,17,50,46,40,2,99,6,1,2,3,5,5,0.23030303
2019,Jacob deGrom,10954,NYM,L,7,13,12,3,3,0,0,0,0,1,0,0,4,0,0,1,0,0,0,0.25,27,57,53,10,6,2,0,2,4,5,4,0,15,0,0,0,0,0,0,0.188679245
2019,Jacob Stallings,13723,PIT,R,27,49,47,16,10,3,0,3,5,6,1,0,8,1,0,0,0,0,0,0.340425531,60,161,144,34,29,2,0,3,21,7,15,5,32,1,0,1,3,0,0,0.236111111
2019,JaCoby Jones,14818,DET,R,32,66,60,12,7,4,0,1,7,2,4,1,18,0,1,1,1,1,0,0.2,82,267,238,58,30,15,3,10,32,24,23,1,76,6,0,0,5,6,2,0.243697478
2019,Jake Arrieta,4153,PHI,R,7,11,9,3,3,0,0,0,1,3,0,0,2,0,0,2,0,0,0,0.333333333,19,39,36,4,3,1,0,0,1,1,1,0,17,0,0,2,1,0,0,0.111111111
2019,Jake Bauers,15194,CLE,L,63,128,117,27,18,4,0,5,13,14,9,0,36,1,1,0,0,0,2,0.23076923,101,295,255,57,37,12,1,7,33,29,36,0,79,2,2,0,3,3,1,0.223529411
2019,Jake Cave,14477,MIN,L,22,50,46,13,7,3,0,3,7,6,3,0,20,0,1,0,1,0,0,0.282608695,64,178,152,38,23,8,2,5,21,19,18,0,51,8,0,0,4,0,0,0.25
2019,Jake Elmore,7290,PIT,R,10,20,20,3,2,1,0,0,1,3,0,0,1,0,0,0,0,0,0,0.15,14,29,27,7,7,0,0,0,2,1,2,0,7,0,0,0,0,0,1,0.259259259
2019,Jake Lamb,13329,ARI,L,23,28,23,7,3,1,0,3,5,5,5,0,8,0,0,0,0,0,0,0.304347826,77,198,164,29,17,7,2,3,21,25,27,1,47,5,2,0,4,1,0,0.176829268
2019,Jake Marisnick,11339,HOU,R,58,112,102,23,11,8,0,4,17,14,6,0,36,3,0,1,1,0,0,0.225490196,93,206,190,45,28,8,3,6,29,20,11,0,59,3,0,2,5,10,3,0.236842105
2019,Jake Rogers,19452,DET,R,14,25,21,6,3,1,0,2,2,3,3,0,11,0,0,1,0,0,0,0.285714285,35,103,91,8,4,2,0,2,9,5,10,0,40,1,0,1,3,0,0,0.087912087
2019,James McCann,12859,CHW,R,60,137,122,36,20,12,0,4,21,17,13,0,36,2,0,0,4,1,0,0.295081967,114,339,317,84,55,14,1,14,41,43,17,1,101,4,0,1,6,3,1,0.264984227
2019,Jarrod Dyson,4866,ARI,L,43,51,46,15,15,0,0,0,10,1,4,0,12,1,0,0,1,1,0,0.326086956,117,401,354,77,57,11,2,7,55,26,43,0,74,1,2,1,0,29,4,0.217514124
2019,Jason Castro,8722,MIN,L,30,45,40,5,5,0,0,0,6,3,5,0,19,0,0,0,0,0,0,0.125,73,230,197,50,28,9,0,13,33,27,28,0,69,3,1,1,0,0,0,0.253807106
2019,Jason Heyward,4940,CHC,L,79,120,112,23,17,4,0,2,9,11,8,0,29,0,0,0,3,0,0,0.205357142,141,469,401,106,67,16,4,19,69,51,60,5,81,5,3,0,9,8,3,0.264339152
2019,Jason Kipnis,9776,CLE,L,75,168,155,38,29,6,0,3,17,15,9,0,26,1,0,3,1,0,0,0.24516129,113,343,303,74,42,17,1,14,35,50,31,2,62,1,6,2,6,7,2,0.244224422
2019,Jason Vargas,8044,2 Tms,L,8,12,11,0,0,0,0,0,0,0,0,0,4,0,0,1,1,0,0,0,17,33,29,3,3,0,0,0,0,0,0,0,18,0,0,4,0,0,0,0.103448275
2019,Javier Baez,12979,CHC,R,60,112,102,31,17,4,2,8,27,17,8,0,30,0,2,0,4,8,2,0.303921568,129,449,429,118,61,34,2,21,62,68,20,3,126,0,0,0,12,3,5,0.275058275
2019,Jay Bruce,9892,2 Tms,L,42,79,71,15,6,3,0,6,9,16,8,0,18,0,0,0,0,1,0,0.211267605,88,254,239,52,18,14,0,20,34,43,11,0,64,1,3,0,5,0,0,0.217573221
2019,Jaylin Davis,19552,SFG,R,9,15,13,2,2,0,0,0,0,0,2,0,4,0,0,0,0,1,1,0.153846153,15,32,29,5,4,0,0,1,2,3,1,0,7,2,0,0,1,0,1,0.172413793
2019,JB Shuck,6677,PIT,L,9,16,15,4,3,0,1,0,2,1,0,0,4,0,0,1,0,1,1,0.266666666,22,41,32,6,6,0,0,0,2,1,8,0,6,1,0,0,0,0,0,0.1875
2019,Jean Segura,5933,PHI,R,71,147,135,39,15,17,1,6,34,18,9,1,17,2,0,1,3,1,1,0.288888888,139,471,441,122,93,20,3,6,45,42,21,0,56,6,3,0,8,9,1,0.27664399
2019,Jedd Gyorko,10816,2 Tms,R,26,41,37,5,4,1,0,0,2,2,4,0,9,0,0,0,2,1,0,0.135135135,44,60,55,11,9,0,0,2,4,7,5,0,15,0,0,0,1,1,0,0.2
2019,Jeff Mathis,3448,TEX,R,37,72,67,10,7,2,0,1,4,4,5,0,24,0,0,0,1,1,0,0.149253731,64,172,161,26,18,7,0,1,13,8,10,1,63,0,1,0,1,0,0,0.161490683
2019,Jeff McNeil,15362,NYM,L,82,156,141,44,31,10,0,3,17,16,9,0,20,6,0,0,0,3,2,0.312056737,122,411,369,118,69,28,1,20,66,59,26,2,55,15,1,0,5,2,4,0.319783197
2019,Jeff Samardzija,3254,SFG,R,8,13,12,1,0,1,0,0,1,0,0,0,5,0,0,1,0,0,0,0.083333333,24,43,38,5,4,1,0,0,0,1,0,0,25,0,0,5,0,0,0,0.131578947
2019,Jeimer Candelario,13621,DET,S,51,95,83,16,11,4,0,1,8,8,11,0,26,1,0,0,3,0,0,0.192771084,90,291,252,52,30,13,2,7,25,24,32,1,73,6,1,0,0,3,1,0.206349206
2019,Jesse Winker,13590,CIN,L,34,50,43,7,7,0,0,0,4,2,6,0,6,1,0,0,1,0,0,0.162790697,109,334,295,84,49,17,2,16,47,36,32,2,54,7,0,0,9,0,2,0.284745762
2019,Jesus Aguilar,11342,2 Tms,R,69,145,123,29,21,4,0,4,11,13,18,0,32,0,2,0,4,0,0,0.235772357,111,224,191,45,29,8,0,8,28,37,25,0,49,2,5,0,8,0,0,0.235602094
2019,Jesus Sucre,5942,BAL,R,14,24,23,5,5,0,0,0,1,0,1,0,4,0,0,0,1,0,0,0.217391304,18,43,39,8,6,2,0,0,2,3,3,0,9,1,0,0,0,0,0,0.205128205
2019,Ji-Man Choi,5452,TBR,L,55,94,81,17,12,3,0,2,9,6,11,0,22,1,1,0,0,0,1,0.209876543,122,393,329,90,54,17,2,17,45,57,53,2,86,5,6,0,7,2,2,0.273556231
2019,Joc Pederson,11899,LAD,L,45,50,49,11,9,2,0,0,6,1,1,0,15,0,0,0,0,0,0,0.224489795,141,464,401,101,48,14,3,36,77,73,49,2,96,12,2,0,4,1,1,0.251870324
2019,Joe Musgrove,12970,PIT,R,12,19,16,4,3,1,0,0,1,2,0,0,7,0,0,3,1,0,0,0.25,28,42,35,4,2,1,1,0,7,1,2,0,12,0,0,5,0,0,0,0.114285714
2019,Joe Panik,11936,2 Tms,L,69,115,97,28,21,6,0,1,9,10,11,1,10,3,2,2,0,1,1,0.288659793,128,376,341,79,58,15,2,4,41,29,32,1,37,1,2,0,6,3,1,0.231671554
2019,Joey Gallo,14128,TEX,L,39,90,75,25,10,7,0,8,19,22,11,0,34,2,1,1,0,1,1,0.333333333,65,207,166,36,13,8,1,14,35,27,41,4,80,0,0,0,0,3,1,0.216867469
2019,Joey Lucchesi,19320,SDP,L,12,21,17,0,0,0,0,0,0,0,1,0,14,0,0,3,0,0,0,0,17,33,31,3,3,0,0,0,0,1,0,0,22,0,0,2,0,0,0,0.096774193
2019,Joey Rickard,13277,2 Tms,R,42,96,82,21,16,2,1,2,6,7,12,1,30,2,0,0,1,1,2,0.25609756,43,93,86,17,8,7,1,1,8,3,6,0,20,1,0,0,0,3,0,0.197674418
2019,Joey Votto,4314,CIN,L,87,176,152,37,29,7,0,1,16,10,22,0,44,2,0,0,3,2,0,0.243421052,136,432,373,100,60,25,1,14,63,37,54,2,79,2,3,0,11,3,0,0.268096514
2019,Joey Wendle,13853,TBR,L,39,59,54,7,6,1,0,0,7,4,4,0,15,1,0,0,1,1,1,0.129629629,65,204,184,48,31,12,2,3,25,15,10,0,32,7,3,0,3,7,2,0.260869565
2019,Johan Camargo,14950,ATL,S,41,71,65,14,6,5,1,2,7,11,6,1,18,0,0,0,2,0,0,0.215384615,79,177,167,40,28,7,0,5,24,21,9,1,25,0,0,1,3,1,0,0.239520958
2019,John Hicks,12547,DET,R,43,90,83,20,13,4,0,3,10,9,6,0,34,0,1,0,1,0,0,0.240963855,87,243,236,47,26,11,0,10,19,26,7,0,75,0,0,0,6,1,1,0.199152542
2019,John Ryan Murphy,10346,2 Tms,R,17,27,24,3,0,1,0,2,4,3,3,0,12,0,0,0,0,0,0,0.125,21,43,39,8,4,2,0,2,5,4,3,0,16,0,0,1,0,0,0,0.205128205
2019,Jon Berti,12037,MIA,R,27,58,52,14,8,2,0,4,16,5,5,0,15,1,0,0,1,3,0,0.269230769,69,229,204,56,41,12,1,2,36,19,19,0,58,5,1,0,1,14,3,0.274509803
2019,Jon Gray,14916,COL,R,11,23,19,0,0,0,0,0,0,0,0,0,8,0,0,4,2,0,0,0,18,36,28,3,3,0,0,0,1,1,3,0,14,0,0,5,0,0,0,0.107142857
2019,Jon Jay,5227,CHW,L,28,66,57,15,14,1,0,0,4,4,4,0,10,2,0,3,1,0,0,0.263157894,42,116,108,29,22,7,0,0,8,5,4,0,20,1,1,2,0,0,0,0.268518518
2019,Jon Lester,4930,CHC,L,8,13,11,0,0,0,0,0,1,0,2,0,3,0,0,0,1,0,0,0,23,40,37,9,6,2,0,1,5,6,3,0,17,0,0,0,0,0,0,0.243243243
2019,Jonathan Davis,15104,TOR,R,17,28,22,6,6,0,0,0,0,1,4,0,7,1,0,1,1,1,1,0.272727272,26,67,61,9,6,1,0,2,8,5,1,0,17,4,1,0,0,2,0,0.147540983
2019,Jonathan Lucroy,7870,2 Tms,R,51,104,97,22,17,2,0,3,7,10,6,1,19,0,1,0,5,0,0,0.226804123,85,224,196,46,32,8,1,5,23,26,21,0,32,5,2,0,12,0,0,0.234693877
2019,Jonathan Schoop,11265,MIN,R,62,127,112,31,17,5,0,9,18,23,10,1,36,4,1,0,4,0,1,0.276785714,113,337,321,80,47,18,1,14,43,36,10,0,80,6,0,0,9,1,0,0.249221183
2019,Jonathan Villar,10071,BAL,S,113,247,227,60,41,9,1,9,30,25,16,0,66,0,2,1,5,9,5,0.26431718,153,467,415,116,73,24,4,15,81,48,45,0,110,4,2,1,3,31,4,0.279518072
2019,Jordan Luplow,16424,CLE,R,69,155,128,41,16,10,1,14,31,30,26,0,32,1,0,0,3,2,2,0.3203125,56,106,97,21,15,5,0,1,11,8,7,0,29,1,1,0,4,1,0,0.216494845
2019,Jordan Lyles,7593,2 Tms,R,6,11,11,0,0,0,0,0,0,0,0,0,10,0,0,0,0,0,0,0,19,37,34,4,4,0,0,0,3,4,1,0,18,1,0,1,1,0,0,0.117647058
2019,Jordy Mercer,6547,DET,R,34,62,61,20,12,5,0,3,7,9,1,0,9,0,0,0,2,0,0,0.327868852,71,209,195,49,32,11,0,6,17,13,12,1,48,2,0,0,2,0,0,0.251282051
2019,Jorge Alfaro,12180,MIA,R,60,118,112,32,21,5,0,6,13,20,3,0,38,3,0,0,2,2,0,0.285714285,117,347,319,81,59,9,1,12,31,37,19,1,116,7,2,0,10,2,4,0.253918495
2019,Jorge Polanco,13152,MIN,S,104,211,196,53,36,10,1,6,25,24,10,0,43,1,3,1,9,1,1,0.270408163,150,493,435,133,81,30,6,16,82,55,50,2,73,3,4,1,2,3,2,0.305747126
2019,Jorge Soler,14221,KCR,R,81,165,143,37,19,8,1,9,24,30,19,0,45,2,1,0,5,2,0,0.258741258,159,514,446,119,55,25,0,39,71,87,54,3,133,8,3,0,11,1,1,0.266816143
2019,Jose  Ramirez,13510,CLE,S,77,175,156,42,26,9,0,7,23,24,15,1,14,0,4,0,3,7,0,0.269230769,120,367,326,81,38,24,3,16,45,59,37,2,60,2,2,0,5,17,4,0.248466257
2019,Jose Abreu,15676,CHW,R,78,182,164,59,39,11,0,9,27,31,12,1,31,5,1,0,7,0,1,0.359756097,156,511,470,121,69,27,1,24,58,92,24,3,121,8,9,0,17,2,1,0.257446808
2019,Jose Altuve,5417,HOU,R,59,143,130,43,21,10,1,11,27,22,9,0,16,2,1,1,5,2,1,0.33076923,118,405,370,106,67,17,2,20,62,52,32,0,66,1,2,0,14,4,4,0.286486486
2019,Jose Iglesias,10231,CIN,R,66,129,122,33,27,2,1,3,16,13,6,0,14,1,0,0,5,0,2,0.270491803,138,401,382,112,83,19,2,8,46,46,14,3,56,2,2,1,12,6,4,0.293193717
2019,Jose Martinez,7996,STL,R,47,78,70,23,14,4,0,5,12,15,8,0,15,0,0,0,6,0,0,0.328571428,109,295,264,67,51,9,2,5,33,27,27,0,67,2,2,0,8,3,0,0.253787878
2019,Jose Osuna,12937,PIT,R,52,98,92,21,15,4,0,2,14,9,6,0,16,0,0,0,0,0,0,0.228260869,81,187,169,48,24,16,0,8,27,27,12,0,32,1,4,0,6,0,0,0.284023668
2019,Jose Peraza,13593,CIN,R,65,116,108,31,21,8,1,1,17,6,8,0,13,0,0,0,1,3,4,0.287037037,121,287,268,59,43,10,1,5,20,27,9,0,45,8,2,0,8,4,2,0.220149253
2019,Jose Quintana,11423,CHC,R,7,11,8,0,0,0,0,0,0,0,0,0,6,0,0,3,0,0,0,0,27,52,46,5,4,1,0,0,2,3,0,0,21,0,0,6,1,0,0,0.108695652
2019,Jose Rondon,14140,CHW,R,40,82,76,19,14,3,0,2,4,6,5,0,14,0,0,1,2,0,0,0.25,38,75,67,9,8,0,0,1,6,3,6,0,24,2,0,0,2,0,0,0.134328358
2019,Jose Trevino,16725,TEX,R,24,41,39,13,7,5,0,1,5,7,1,0,8,0,1,0,1,0,0,0.333333333,32,85,81,18,13,4,0,1,13,6,2,0,19,0,1,1,5,0,0,0.222222222
2019,Josh Bell,13145,PIT,S,85,166,143,32,18,5,0,9,18,25,17,2,42,3,3,0,6,0,1,0.223776223,129,447,384,114,51,32,3,28,76,91,57,11,76,2,4,0,5,0,0,0.296875
2019,Josh Donaldson,5038,ATL,R,83,157,121,26,12,7,0,7,23,15,32,1,42,4,0,0,4,1,0,0.214876033,151,502,428,116,60,26,0,30,73,79,68,1,113,4,2,0,9,3,2,0.271028037
2019,Josh Fuentes,16885,COL,R,12,23,23,3,2,1,0,0,1,1,0,0,11,0,0,0,0,1,0,0.130434782,15,33,32,9,6,0,0,3,7,6,1,0,9,0,0,0,0,0,0,0.28125
2019,Josh Harrison,8202,DET,R,12,24,24,4,2,1,0,1,2,1,0,0,6,0,0,0,0,0,0,0.166666666,34,123,113,20,13,6,1,0,8,7,6,0,21,2,2,0,0,4,2,0.17699115
2019,Josh Naylor,18839,SDP,L,36,50,48,14,11,3,0,0,4,4,2,0,8,0,0,0,1,1,0,0.291666666,87,229,205,49,29,12,0,8,25,28,23,1,56,0,1,0,3,0,1,0.23902439
2019,Josh Phegley,9308,OAK,R,54,103,95,27,14,8,0,5,16,20,3,0,11,3,2,0,6,0,0,0.284210526,92,239,219,48,31,10,0,7,28,42,12,0,52,3,3,2,5,0,1,0.219178082
2019,Josh Reddick,3892,HOU,L,66,118,110,34,24,5,0,5,17,10,7,0,18,0,0,1,2,1,0,0.309090909,137,432,391,104,78,14,3,9,40,46,29,1,48,0,9,0,7,4,2,0.265984654
2019,Josh Rojas,19734,ARI,L,24,36,31,9,6,3,0,0,3,5,5,0,11,0,0,0,0,2,0,0.29032258,40,121,107,21,15,4,0,2,14,11,13,0,30,1,0,0,3,2,2,0.196261682
2019,Josh VanMeter,15170,CIN,L,21,28,24,3,1,2,0,0,3,1,3,0,8,1,0,0,0,2,0,0.125,90,232,204,51,31,11,1,8,30,22,26,0,48,1,1,0,5,7,3,0.25
2019,JT Riddle,17642,MIA,L,19,26,25,6,0,3,0,3,5,7,1,0,6,0,0,0,0,0,0,0.24,44,113,107,19,13,3,0,3,10,5,4,1,36,2,0,0,3,0,0,0.177570093
2019,Juan Lagares,5384,NYM,R,46,86,80,19,11,7,0,1,13,11,6,2,24,0,0,0,2,2,0,0.2375,87,199,178,36,26,5,1,4,25,16,16,2,51,2,1,2,6,2,1,0.202247191
2019,Juan Soto,20123,WSN,L,117,221,186,53,32,12,3,6,28,33,28,1,43,1,6,0,5,3,0,0.284946236,146,438,356,100,50,20,2,28,82,77,80,2,89,2,0,0,6,9,1,0.280898876
2019,Julio Teheran,6797,ATL,R,10,19,17,2,1,1,0,0,1,1,0,0,5,0,1,1,0,0,0,0.117647058,22,41,38,4,4,0,0,0,0,3,0,0,19,0,0,3,0,0,0,0.105263157
2019,Jung Ho Kang,17182,PIT,R,35,76,75,12,6,2,1,3,6,7,1,0,34,0,0,0,0,0,0,0.16,44,109,97,17,5,5,0,7,9,17,10,0,26,1,1,0,4,0,0,0.175257731
2019,Jurickson Profar,10815,OAK,S,62,119,105,32,22,7,0,3,19,17,13,1,17,0,1,0,1,2,0,0.304761904,132,399,354,68,32,17,2,17,46,50,35,1,58,8,2,0,11,7,1,0.192090395
2019,Justin Bour,9744,LAA,L,19,29,24,4,3,1,0,0,1,1,4,0,9,1,0,0,1,0,0,0.166666666,50,141,127,22,10,4,0,8,17,25,13,0,43,0,1,0,6,0,0,0.173228346
2019,Justin Smoak,9054,TOR,S,73,154,132,29,19,7,0,3,14,16,20,0,22,2,0,0,5,0,0,0.219696969,111,346,282,57,29,9,0,19,40,45,59,3,84,4,1,0,6,0,0,0.202127659
2019,Justin Turner,5235,LAD,R,83,179,160,46,23,11,0,12,27,23,15,1,35,3,1,0,4,0,0,0.2875,124,370,319,93,65,13,0,15,53,44,36,0,53,11,4,0,7,2,0,0.29153605
2019,Justin Upton,5222,LAA,R,38,79,66,9,3,4,0,2,12,12,11,0,31,0,2,0,2,0,1,0.136363636,60,177,153,38,24,4,0,10,22,28,21,0,47,0,3,0,3,1,0,0.248366013
2019,Kelvin Gutierrez,17468,KCR,R,11,25,23,8,6,0,1,1,1,3,2,0,7,0,0,0,1,0,0,0.347826086,18,54,50,11,9,2,0,0,3,8,3,0,17,0,1,0,1,1,0,0.22
2019,Kendrys Morales,8610,2 Tms,S,19,33,25,5,5,0,0,0,1,2,6,0,5,1,1,0,1,0,0,0.2,51,168,145,28,23,2,1,2,15,10,20,0,21,3,0,0,5,0,0,0.193103448
2019,Kenta Maeda,18498,LAD,R,9,16,9,3,3,0,0,0,0,3,0,0,2,0,0,7,0,0,0,0.333333333,24,45,39,9,7,2,0,0,3,3,0,0,11,0,0,6,0,0,0,0.23076923
2019,Keon Broxton,9253,3 Tms,R,49,99,88,17,12,2,0,3,12,6,10,0,44,0,0,1,3,6,1,0.193181818,60,129,116,17,12,2,0,3,12,10,10,0,60,1,2,0,2,4,5,0.146551724
2019,Keston Hiura,20003,MIL,R,44,83,75,18,11,6,0,1,5,6,7,1,27,1,0,0,1,3,2,0.24,79,265,239,77,40,17,2,18,46,43,18,0,80,7,1,0,5,6,1,0.322175732
2019,Ketel Marte,13613,ARI,S,79,174,165,55,31,11,1,12,30,31,7,2,22,2,0,0,3,2,0,0.333333333,136,454,404,132,79,25,8,20,67,61,46,0,64,2,2,0,4,8,2,0.326732673
2019,Kevan Smith,12284,LAA,R,37,78,68,23,14,8,0,1,8,12,8,0,11,1,1,0,2,0,0,0.338235294,52,133,123,25,17,4,0,4,13,8,8,0,26,2,0,0,6,2,0,0.203252032
2019,Kevin Cron,16211,ARI,R,14,20,18,4,2,1,0,1,3,5,1,0,9,0,1,0,1,0,0,0.222222222,30,58,53,11,3,3,0,5,9,11,3,0,19,2,0,0,1,0,1,0.207547169
2019,Kevin Kiermaier,11038,TBR,L,73,130,122,38,28,7,0,3,16,17,5,0,28,1,1,1,3,5,2,0.311475409,121,350,325,64,33,13,7,11,44,38,21,2,76,4,0,0,5,14,3,0.196923076
2019,Kevin Kramer,17689,PIT,L,6,10,10,1,1,0,0,0,0,0,0,0,4,0,0,0,0,0,0,0.1,21,40,32,6,5,1,0,0,5,5,6,0,13,0,2,0,0,0,1,0.1875
2019,Kevin Newman,17696,PIT,R,66,139,126,36,28,5,2,1,21,5,9,1,12,3,0,1,1,2,3,0.285714285,119,392,367,116,86,15,4,11,40,59,19,1,50,4,1,1,4,14,5,0.316076294
2019,Kevin Pillar,12434,2 Tms,R,88,174,162,45,24,12,0,9,22,29,8,4,15,0,4,0,3,4,3,0.277777777,149,471,449,113,73,25,3,12,61,59,10,0,74,9,3,0,12,10,2,0.251670378
2019,Kevin Plawecki,13807,CLE,R,27,53,50,10,6,3,0,1,3,7,3,0,11,0,0,0,2,0,0,0.2,46,121,108,25,16,7,0,2,10,10,9,0,20,3,1,0,2,0,1,0.231481481
2019,Khris Davis,9112,OAK,R,67,150,130,37,26,0,0,11,25,25,19,1,28,1,0,0,1,0,0,0.284615384,123,383,351,69,46,11,0,12,36,48,28,2,118,2,2,0,10,0,0,0.196581196
2019,Kole Calhoun,11200,LAA,L,95,189,165,35,20,5,0,10,23,27,23,0,44,1,0,0,5,1,0,0.212121212,139,443,387,93,45,24,1,23,69,47,47,7,118,6,2,0,9,3,1,0.240310077
2019,Kolten Wong,12532,STL,L,74,122,111,32,25,4,0,3,11,11,5,0,18,3,1,2,0,4,0,0.288288288,143,427,367,104,71,21,4,8,50,48,42,5,65,10,4,4,2,20,4,0.283378746
2019,Kris Bryant,15429,CHC,R,60,129,105,31,15,6,1,9,23,20,23,1,28,1,0,0,3,1,0,0.295238095,138,505,438,122,71,29,0,22,85,57,51,0,117,14,2,0,7,3,0,0.278538812
2019,Kristopher Negron,5306,2 Tms,R,24,37,34,6,5,0,0,1,6,3,3,1,10,0,0,0,0,0,0,0.176470588,23,45,43,13,11,1,0,1,6,5,2,0,16,0,0,0,1,1,1,0.302325581
2019,Kurt Suzuki,8259,WSN,R,43,72,67,23,15,4,0,4,9,20,3,0,9,1,1,0,1,0,0,0.343283582,78,237,213,51,31,7,0,13,28,43,17,1,27,5,2,0,9,0,1,0.239436619
2019,Kyle Farmer,14813,CIN,R,42,68,62,17,10,4,0,3,7,12,5,0,16,1,0,0,1,4,0,0.274193548,69,129,121,25,17,2,0,6,15,15,5,1,43,2,1,0,0,0,1,0.20661157
2019,Kyle Hendricks,12049,CHC,R,7,11,9,0,0,0,0,0,0,0,1,0,7,0,0,1,0,0,0,0,24,53,45,8,7,1,0,0,1,5,1,0,22,1,0,6,1,0,0,0.177777777
2019,Kyle Higashioka,5517,NYY,R,9,15,15,4,1,2,0,1,3,3,0,0,5,0,0,0,0,0,0,0.266666666,16,42,41,8,3,3,0,2,5,8,0,0,21,0,1,0,1,0,0,0.195121951
2019,Kyle Lewis,19508,SEA,R,11,20,19,3,2,0,0,1,2,2,1,0,11,0,0,0,0,0,0,0.157894736,16,55,52,16,6,5,0,5,8,11,2,0,18,0,1,0,0,0,0,0.307692307
2019,Kyle Schwarber,16478,CHC,L,76,124,109,25,14,4,1,6,17,18,11,0,36,2,2,0,0,0,0,0.229357798,146,486,420,107,48,25,2,32,65,74,59,5,120,3,4,0,6,2,3,0.254761904
2019,Kyle Seager,9785,SEA,L,73,147,130,37,20,6,0,11,19,25,14,0,27,2,1,0,5,0,1,0.284615384,98,296,263,57,31,13,1,12,36,38,30,0,59,2,1,0,7,2,1,0.216730038
2019,Kyle Tucker,18345,HOU,L,15,28,27,8,4,3,0,1,4,5,0,0,6,1,0,0,0,3,0,0.296296296,21,44,40,10,4,3,0,3,11,6,4,1,14,0,0,0,1,2,0,0.25
2019,LaMonte Wade Jr,18126,MIN,L,10,10,7,0,0,0,0,0,2,0,1,0,2,2,0,0,0,0,1,0,24,59,49,11,6,2,1,2,8,5,10,0,7,0,0,0,0,0,0,0.224489795
2019,Lane Thomas,16939,STL,R,9,11,11,4,2,0,1,1,1,3,0,0,2,0,0,0,0,0,1,0.363636363,21,33,27,8,5,0,0,3,5,9,4,0,6,2,0,0,1,1,0,0.296296296
2019,Leonys Martin,11846,CLE,L,38,78,71,11,7,3,0,1,7,4,5,0,25,1,0,1,0,0,1,0.154929577,59,186,165,36,24,4,0,8,25,15,16,0,53,3,0,2,1,4,4,0.218181818
2019,Leury Garcia,5913,CHW,S,82,196,183,57,40,13,1,3,30,14,6,0,34,3,0,4,5,4,0,0.311475409,134,422,394,104,83,14,2,5,63,26,15,0,105,3,3,7,1,11,5,0.26395939
2019,Lewis Brinson,14352,MIA,R,30,64,55,11,9,2,0,0,7,5,6,0,16,2,1,0,2,1,0,0.2,67,184,171,28,20,7,1,0,8,10,7,1,58,4,0,2,6,0,1,0.16374269
2019,Logan Forsythe,7185,TEX,R,64,131,114,21,11,8,1,1,13,11,16,0,39,0,0,0,1,2,0,0.184210526,89,236,203,51,36,9,0,6,25,28,28,0,61,3,2,0,7,0,0,0.251231527
2019,Lorenzo Cain,9077,MIL,R,75,178,159,42,29,7,0,6,26,14,16,0,30,0,3,0,5,9,1,0.264150943,137,445,403,104,76,23,0,5,49,34,34,0,76,6,1,0,9,9,7,0.258064516
2019,Lourdes Gurriel Jr.,19238,TOR,R,48,115,110,33,15,7,0,11,24,20,4,0,33,1,0,0,4,1,2,0.3,79,228,204,54,31,12,2,9,28,30,16,0,53,4,3,1,0,5,2,0.264705882
2019,Lucas Duda,2502,KCR,L,15,23,21,2,1,1,0,0,0,1,2,0,4,0,0,0,1,0,0,0.095238095,35,96,84,16,9,3,0,4,7,14,9,1,28,1,2,0,2,0,0,0.19047619
2019,Luis Arraez,18568,MIN,L,57,103,84,23,21,2,0,0,11,8,18,1,9,0,1,0,1,0,0,0.273809523,84,263,242,86,63,18,1,4,43,20,18,0,20,1,2,0,1,2,2,0.3553719
2019,Luis Castillo,15689,CIN,R,13,23,21,3,3,0,0,0,1,0,0,0,10,0,0,2,1,0,0,0.142857142,25,43,41,3,2,1,0,0,2,0,0,0,22,0,0,2,0,0,0,0.073170731
2019,Luis Rengifo,19858,LAA,S,71,133,121,27,19,5,1,2,15,10,9,0,31,1,2,0,1,0,2,0.223140495,100,273,236,58,38,13,2,5,29,23,31,0,62,4,1,1,5,2,3,0.245762711
2019,Luis Urias,16622,SDP,R,33,60,57,20,15,3,0,2,9,12,2,0,14,1,0,0,2,0,1,0.350877192,64,189,158,28,20,5,1,2,18,12,23,0,42,8,0,0,6,0,0,0.177215189
2019,Luke Maile,13355,TOR,R,19,38,35,2,1,0,0,1,3,3,3,0,12,0,0,0,0,0,0,0.057142857,34,91,84,16,12,2,1,1,6,6,5,0,21,0,0,2,1,1,0,0.19047619
2019,Luke Voit,14811,NYY,R,52,127,108,27,17,5,0,5,15,13,16,1,33,2,1,0,1,0,0,0.25,117,383,321,86,53,16,1,16,57,49,55,1,109,7,0,0,11,0,0,0.267912772
2019,Mac Williamson,14158,2 Tms,R,14,32,30,4,4,0,0,0,0,2,2,0,13,0,0,0,1,0,1,0.133333333,36,112,98,16,11,1,0,4,13,15,12,0,31,2,0,0,2,2,0,0.163265306
2019,Madison Bumgarner,5524,SFG,R,15,24,21,3,2,0,0,1,1,2,2,0,11,0,0,1,0,0,0,0.142857142,25,52,42,5,4,0,0,1,3,2,7,0,29,0,0,3,0,0,0,0.119047619
2019,Maikel Franco,12179,PHI,R,63,117,102,25,15,4,0,6,16,18,14,9,15,0,1,0,1,0,0,0.245098039,110,311,287,66,42,13,0,11,32,38,22,10,46,0,2,0,13,0,0,0.229965156
2019,Mallex Smith,13608,SEA,L,72,165,148,39,31,5,2,1,27,8,14,0,37,3,0,0,5,19,5,0.263513513,126,401,362,77,51,14,7,5,43,29,28,0,104,8,1,2,2,27,4,0.212707182
2019,Manny Machado,11493,SDP,R,72,146,127,40,20,6,1,13,19,27,18,1,26,1,0,0,5,2,2,0.314960629,153,515,460,110,75,15,1,19,62,58,47,2,102,5,3,0,19,3,1,0.239130434
2019,Manny Pina,2829,MIL,R,44,81,72,23,13,6,0,4,7,10,7,1,25,2,0,0,0,0,0,0.319444444,53,98,86,13,8,2,0,3,3,15,9,0,25,2,1,0,1,0,0,0.15116279
2019,Manuel Margot,14712,SDP,R,63,120,103,34,24,8,0,2,21,7,16,0,24,0,0,1,0,6,2,0.330097087,135,321,295,59,35,11,3,10,38,30,22,1,64,2,0,2,6,14,2,0.2
2019,Marcell Ozuna,10324,STL,R,42,89,83,18,8,4,0,6,14,20,6,0,24,0,0,0,1,0,0,0.216867469,128,460,402,99,56,19,1,23,66,69,56,2,90,1,1,0,20,12,2,0.246268656
2019,Marco Hernandez,13154,BOS,L,30,52,50,16,13,3,0,0,4,3,1,0,13,1,0,0,0,1,2,0.32,51,103,98,21,15,4,0,2,14,8,2,0,29,2,0,1,1,0,0,0.214285714
2019,Marcus Semien,12533,OAK,R,81,202,178,55,31,14,3,7,31,22,24,1,24,0,0,0,1,0,3,0.308988764,160,545,479,132,73,29,4,26,92,70,63,1,78,2,1,0,10,10,5,0.275574112
2019,Mark Canha,11445,OAK,R,70,157,131,29,16,4,1,8,23,15,23,0,27,3,0,0,1,1,1,0.221374045,120,340,279,83,51,12,2,18,57,43,44,1,80,15,2,0,9,2,1,0.297491039
2019,Mark Reynolds,7619,COL,R,41,84,71,12,5,5,0,2,8,9,12,0,29,0,1,0,2,1,0,0.169014084,52,78,64,11,7,2,0,2,5,11,10,0,28,2,2,0,1,1,0,0.171875
2019,Martin Maldonado,6887,3 Tms,R,62,114,105,24,13,7,0,4,13,8,8,0,35,0,1,0,3,0,0,0.228571428,95,260,228,47,27,12,0,8,33,19,24,1,51,6,0,2,8,0,0,0.20614035
2019,Martin Prado,3312,MIA,R,53,106,97,26,21,5,0,0,12,7,7,0,9,0,2,0,5,0,0,0.268041237,82,154,148,31,25,4,0,2,14,8,5,0,32,0,1,0,5,0,0,0.209459459
2019,Marwin Gonzalez,5497,MIN,S,65,124,120,36,26,5,0,5,20,12,3,0,22,1,0,0,6,0,0,0.3,109,339,305,76,52,14,0,10,32,43,28,2,76,5,1,0,1,1,0,0.249180327
2019,Matt Adams,9393,WSN,L,45,63,62,13,6,3,0,4,5,14,1,0,20,0,0,0,2,0,0,0.209677419,107,270,248,57,30,11,0,16,37,42,19,1,95,2,1,0,5,0,0,0.229838709
2019,Matt Beaty,17710,LAD,L,26,34,32,4,3,1,0,0,0,3,1,0,6,1,0,0,1,1,0,0.125,92,234,217,62,34,18,1,9,36,43,16,2,27,1,0,0,5,4,0,0.285714285
2019,Matt Carpenter,8090,STL,L,59,103,83,18,12,4,0,2,7,7,16,0,25,1,2,1,1,2,0,0.216867469,123,389,333,76,45,16,2,13,52,39,47,0,104,6,3,0,2,4,1,0.228228228
2019,Matt Chapman,16505,OAK,R,79,179,154,36,16,8,1,11,29,25,23,0,35,1,1,0,3,0,0,0.233766233,148,491,429,109,54,28,2,25,73,66,50,0,112,10,2,0,9,1,1,0.254079254
2019,Matt Duffy,13836,TBR,R,29,66,55,9,5,4,0,0,4,3,9,0,13,1,1,0,1,0,1,0.163636363,39,103,92,28,23,4,0,1,8,9,10,0,16,1,0,0,3,0,0,0.304347826
2019,Matt Joyce,3353,ATL,L,24,26,22,6,4,2,0,0,3,1,4,0,6,0,0,0,0,0,0,0.272727272,119,212,178,53,38,8,0,7,29,22,34,0,39,0,0,0,3,0,0,0.297752808
2019,Matt Kemp,5631,CIN,R,7,15,14,4,2,1,0,1,2,3,1,0,4,0,0,0,0,0,0,0.285714285,17,47,46,8,7,1,0,0,2,2,0,0,15,0,1,0,2,0,0,0.173913043
2019,Matt Olson,14344,OAK,L,74,173,157,35,17,7,0,11,22,27,9,0,41,6,1,0,7,0,0,0.222929936,119,374,326,94,50,19,0,25,51,64,42,7,97,6,0,0,4,0,0,0.288343558
2019,Matt Thaiss,19318,LAA,L,19,24,22,5,3,1,0,1,1,6,2,0,7,0,0,0,1,0,0,0.227272727,52,140,125,26,13,6,0,7,16,17,15,0,45,0,0,0,3,0,0,0.208
2019,Matt Wieters,4298,STL,S,27,45,41,8,3,1,0,4,4,7,3,0,17,1,0,0,0,0,0,0.195121951,58,138,127,28,18,3,0,7,11,20,9,0,30,0,2,0,3,1,1,0.22047244
2019,Mauricio Dubon,16530,2 Tms,R,17,31,30,8,4,2,0,2,5,2,1,0,7,0,0,0,2,0,0,0.266666666,28,80,76,21,16,3,0,2,7,7,4,0,13,0,0,0,1,3,1,0.276315789
2019,Max Fried,13743,ATL,L,8,14,13,4,4,0,0,0,2,0,0,0,3,0,0,1,0,0,0,0.307692307,29,51,43,7,3,4,0,0,9,4,5,0,13,0,0,3,0,0,0,0.162790697
2019,Max Kepler,12144,MIN,L,89,163,147,43,27,7,0,9,21,36,13,0,24,2,1,0,3,0,1,0.292517006,127,433,377,89,37,25,0,27,77,54,47,0,75,6,3,0,2,1,4,0.23607427
2019,Max Muncy,13301,LAD,L,90,181,157,42,24,6,1,11,30,38,19,0,52,5,0,0,1,2,1,0.267515923,126,408,330,80,40,16,0,24,71,60,71,1,97,3,4,0,4,2,0,0.242424242
2019,Max Scherzer,3137,WSN,R,8,13,11,2,2,0,0,0,2,0,0,0,8,0,0,2,0,0,0,0.181818181,22,48,44,8,8,0,0,0,4,2,0,0,19,0,0,4,1,2,0,0.181818181
2019,Max Stassi,10059,2 Tms,R,23,42,36,1,1,0,0,0,1,0,6,0,15,0,0,0,0,0,0,0.027777777,41,105,96,17,15,1,0,1,6,5,6,0,34,1,2,0,3,0,0,0.177083333
2019,Meibrys Viloria,17109,KCR,L,26,35,32,4,4,0,0,0,0,3,2,0,15,0,1,0,2,0,1,0.125,40,113,101,24,16,7,0,1,7,12,8,0,29,0,3,1,2,0,0,0.237623762
2019,Melky Cabrera,4022,PIT,S,60,127,126,34,25,6,0,3,14,16,1,0,14,0,0,0,5,0,0,0.269841269,117,270,252,72,51,16,1,4,29,31,16,3,27,1,0,1,9,2,0,0.285714285
2019,Merrill Kelly,11156,ARI,R,7,15,13,0,0,0,0,0,0,0,1,0,9,0,0,1,0,0,0,0,23,45,39,1,1,0,0,0,3,2,1,0,16,0,0,5,2,0,0,0.025641025
2019,Michael A. Taylor,11489,WSN,R,21,40,36,10,6,3,0,1,4,3,3,0,13,0,0,1,0,1,0,0.277777777,42,57,52,12,8,4,0,0,6,0,4,0,21,0,0,1,0,5,0,0.23076923
2019,Michael Brantley,4106,HOU,L,88,184,163,46,35,8,0,3,17,22,15,0,27,4,2,0,6,1,2,0.282208588,141,453,412,133,80,32,2,19,71,68,36,3,39,3,2,0,15,2,0,0.322815533
2019,Michael Brosseau,19683,TBR,R,33,73,70,21,15,2,0,4,12,10,3,0,17,0,0,0,1,0,0,0.3,35,69,62,15,8,5,0,2,5,6,4,0,22,2,0,1,2,1,0,0.241935483
2019,Michael Chavis,17321,BOS,R,58,111,106,24,13,3,0,8,11,17,3,0,37,2,0,0,5,1,0,0.226415094,89,271,241,64,46,7,1,10,35,41,28,2,90,2,0,0,6,1,1,0.265560165
2019,Michael Conforto,16376,NYM,L,100,193,174,42,29,7,0,6,17,26,15,0,50,4,0,0,6,1,1,0.24137931,139,455,375,99,49,22,1,27,73,66,69,5,99,6,5,0,5,6,1,0.264
2019,Michael Hermosillo,16285,LAA,R,7,11,7,0,0,0,0,0,2,1,1,0,4,2,1,0,0,1,0,0,13,35,29,5,3,1,1,0,5,2,4,0,15,2,0,0,1,1,0,0.172413793
2019,Michael Lorenzen,14843,CIN,R,13,18,16,3,2,1,0,0,1,2,2,0,7,0,0,0,0,1,1,0.1875,29,35,32,7,5,1,0,1,5,4,3,0,10,0,0,0,1,4,1,0.21875
2019,Michael Perez,12977,TBR,L,8,11,11,3,2,1,0,0,1,0,0,0,5,0,0,0,0,0,0,0.272727272,17,44,35,7,3,4,0,0,5,2,8,0,14,1,0,0,0,0,0,0.2
2019,Miguel Andujar,15878,NYY,R,4,11,11,0,0,0,0,0,1,0,0,0,3,0,0,0,0,0,0,0,12,38,36,6,6,0,0,0,0,1,1,0,8,0,1,0,4,0,0,0.166666666
2019,Miguel Cabrera,1744,DET,R,54,111,97,33,20,9,0,4,10,20,13,1,22,0,1,0,5,0,0,0.340206185,128,438,396,106,86,12,0,8,31,39,35,3,86,3,4,0,13,0,0,0.267676767
2019,Miguel Rojas,7802,MIA,R,69,150,138,41,32,6,0,3,13,14,10,2,11,1,1,0,5,0,2,0.297101449,120,376,345,96,70,23,1,2,39,32,22,0,51,4,4,1,10,9,3,0.278260869
2019,Miguel Sano,12164,MIN,R,61,121,109,31,14,5,1,11,24,24,12,0,41,0,0,0,0,0,0,0.284403669,100,318,271,63,25,14,1,23,52,55,43,0,118,3,1,0,5,0,1,0.232472324
2019,Mike Ford,15585,NYY,L,21,36,33,11,3,1,0,7,8,11,3,0,4,0,0,0,0,0,0,0.333333333,49,127,110,26,15,6,0,5,22,14,14,2,24,3,0,0,0,0,0,0.236363636
2019,Mike Freeman,11241,CLE,L,34,63,56,17,13,2,0,2,8,9,4,0,22,1,1,1,2,0,0,0.303571428,66,150,121,32,24,6,0,2,19,15,18,0,39,3,3,5,0,1,2,0.264462809
2019,Mike Moustakas,4892,MIL,L,94,181,163,45,25,9,0,11,22,27,13,1,27,4,1,0,4,0,0,0.276073619,131,403,360,88,42,21,1,24,58,60,40,4,71,2,1,0,8,3,0,0.244444444
2019,Mike Tauchman,15274,NYY,L,43,83,70,25,15,9,0,1,12,13,11,0,16,1,1,0,6,3,0,0.357142857,77,213,190,47,25,9,1,12,34,34,23,0,55,0,0,0,3,3,0,0.247368421
2019,Mike Trout,10155,LAA,R,77,184,143,38,17,10,1,10,27,26,38,4,39,3,0,0,1,2,0,0.265734265,129,416,327,99,46,17,1,35,83,78,72,10,81,13,4,0,4,9,2,0.302752293
2019,Mike Yastrzemski,14854,SFG,L,56,89,82,27,16,7,0,4,11,12,5,1,20,2,0,0,2,1,0,0.329268292,99,322,289,74,39,15,3,17,53,43,27,0,87,2,3,1,2,1,4,0.256055363
2019,Mike Zunino,13265,TBR,R,49,101,91,14,11,1,0,2,9,11,10,0,34,0,0,0,1,0,0,0.153846153,71,188,175,30,13,9,1,7,21,21,10,0,64,3,0,0,3,0,0,0.171428571
2019,Miles Mikolas,9803,STL,R,9,13,12,3,3,0,0,0,1,0,0,0,4,0,0,1,0,0,0,0.25,24,49,47,5,4,1,0,0,0,2,0,0,23,0,0,2,0,0,0,0.106382978
2019,Mitch Garver,15161,MIN,R,59,129,106,34,15,6,1,12,34,23,19,0,27,3,1,0,1,0,0,0.320754716,82,230,205,51,22,10,0,19,36,44,22,0,60,2,1,0,4,0,0,0.248780487
2019,Mitch Haniger,14274,SEA,R,29,69,57,15,8,3,0,4,12,10,10,1,20,2,0,0,1,0,0,0.263157894,61,214,189,39,17,10,1,11,34,22,20,0,61,3,2,0,2,4,0,0.206349206
2019,Mitch Moreland,3086,BOS,L,38,60,54,11,7,3,0,1,9,7,5,0,18,1,0,0,1,0,0,0.203703703,90,275,244,64,31,14,1,18,39,51,29,0,56,0,2,0,11,1,0,0.262295081
2019,Mookie Betts,13611,BOS,R,85,197,166,45,26,13,0,6,37,13,30,4,22,0,1,0,3,1,0,0.271084337,142,509,431,131,76,27,5,23,98,67,67,2,79,3,8,0,8,15,3,0.303944315
2019,Myles Straw,17620,HOU,R,23,40,34,10,7,3,0,0,10,3,6,0,5,0,0,0,2,2,1,0.294117647,42,88,74,19,16,1,2,0,17,4,13,0,19,0,0,1,0,6,0,0.256756756
2019,Nate Lowe,19566,TBR,L,16,28,24,7,3,2,0,2,5,5,3,0,10,1,0,0,1,0,0,0.291666666,46,141,128,33,22,6,0,5,19,14,10,0,40,1,2,0,3,0,0,0.2578125
2019,Neil Walker,7539,MIA,S,47,57,51,14,11,3,0,0,9,5,6,0,5,0,0,0,1,0,0,0.274509803,104,324,286,74,49,16,1,8,28,33,36,1,72,1,1,0,7,3,0,0.258741258
2019,Nelson Cruz,2434,MIN,R,63,140,115,37,16,5,0,16,26,29,20,8,29,2,2,0,1,0,0,0.32173913,113,381,339,104,58,21,0,25,55,79,36,0,102,5,1,0,13,0,1,0.30678466
2019,Nick Ahmed,12147,ARI,R,80,158,141,44,22,15,1,6,26,24,15,1,23,0,2,0,4,1,0,0.312056737,148,467,415,97,61,18,5,13,53,58,37,1,90,4,10,1,11,7,2,0.233734939
2019,Nick Castellanos,11737,2 Tms,R,58,120,108,40,19,13,0,8,22,19,10,1,16,1,1,0,4,0,0,0.37037037,147,544,507,138,71,45,3,19,78,54,31,0,127,4,2,0,8,2,2,0.272189349
2019,Nick Dini,18206,KCR,R,15,31,28,7,4,2,0,1,5,5,2,0,6,0,1,0,1,0,0,0.25,14,33,28,4,2,1,0,1,6,1,2,0,12,2,0,1,0,0,0,0.142857142
2019,Nick Hundley,3376,OAK,R,10,18,17,2,1,0,0,1,1,2,0,0,4,1,0,0,5,0,0,0.117647058,23,55,53,12,7,3,1,1,4,3,2,0,14,0,0,0,2,0,1,0.226415094
2019,Nick Markakis,5930,ATL,L,64,113,102,25,16,8,1,0,12,16,9,0,12,1,1,0,3,0,0,0.245098039,108,356,312,93,66,17,1,9,49,46,38,1,47,1,5,0,8,2,0,0.298076923
2019,Nick Martini,12005,2 Tms,L,14,21,18,0,0,0,0,0,1,1,2,0,8,0,1,0,0,0,0,0,32,88,75,21,15,4,1,1,7,6,12,0,18,1,0,0,0,0,0,0.28
2019,Nick Senzel,19293,CIN,R,44,110,95,30,19,5,3,3,16,16,8,0,15,1,1,0,0,6,4,0.315789473,97,304,280,66,41,15,1,9,39,26,22,0,86,2,0,0,6,8,1,0.235714285
2019,Nick Solak,19294,TEX,R,25,55,47,15,6,5,1,3,8,8,7,1,9,1,0,0,1,1,0,0.319148936,30,80,69,19,16,1,0,2,11,9,8,0,20,3,0,0,1,1,0,0.275362318
2019,Nick Williams,14330,PHI,L,15,17,17,2,1,1,0,0,1,2,0,0,9,0,0,0,0,0,0,0.117647058,58,95,89,14,9,3,0,2,8,3,4,0,34,2,0,0,1,0,0,0.15730337
2019,Nicky Lopez,19339,KCR,L,57,112,105,28,22,5,0,1,15,6,5,0,16,1,0,1,0,0,0,0.266666666,99,290,274,63,43,17,2,1,29,24,13,0,35,0,0,3,5,1,1,0.229927007
2019,Nico Hoerner,21479,CHC,R,9,12,11,3,2,0,0,1,1,5,0,0,1,0,1,0,0,0,0,0.272727272,20,70,67,19,15,1,1,2,12,12,3,1,10,0,0,0,3,0,0,0.283582089
2019,Niko Goodrum,12092,DET,S,52,107,97,35,25,6,3,1,17,8,9,1,21,0,1,0,3,3,0,0.360824742,108,365,326,70,36,21,2,11,44,37,37,0,117,1,1,0,4,9,3,0.214723926
2019,Noah Syndergaard,11762,NYM,L,12,17,16,0,0,0,0,0,1,0,1,0,15,0,0,0,0,0,0,0,24,52,49,6,3,1,0,2,5,2,2,0,32,0,0,1,1,0,0,0.122448979
2019,Nolan Arenado,9777,COL,R,82,190,162,51,30,7,1,13,34,30,27,6,29,1,0,0,1,1,2,0.314814814,148,472,426,134,81,24,1,28,68,88,35,5,64,3,8,0,13,2,0,0.31455399
2019,Nomar Mazara,14553,TEX,L,65,135,127,28,19,2,1,6,21,20,5,0,33,1,2,0,3,1,0,0.22047244,103,334,302,87,49,25,0,13,48,46,23,2,75,5,4,0,2,3,1,0.28807947
2019,Odubel Herrera,11476,PHI,L,17,26,25,7,6,1,0,0,1,5,0,0,4,0,1,0,0,0,0,0.28,38,113,101,21,10,9,1,1,11,11,11,0,29,1,0,0,0,2,2,0.207920792
2019,Omar Narvaez,13338,SEA,L,58,95,75,17,14,1,0,2,10,10,18,0,10,1,1,0,2,0,0,0.226666666,125,387,353,102,71,11,0,20,53,45,29,1,82,3,2,0,3,0,0,0.288951841
2019,Orlando Arcia,13185,MIL,R,69,135,121,29,21,3,1,4,15,10,11,0,24,1,2,0,5,1,2,0.239669421,138,411,373,81,57,13,0,11,36,49,32,5,85,0,4,2,10,7,3,0.217158176
2019,Oscar Mercado,16375,CLE,R,71,175,156,41,25,9,0,7,24,21,12,0,33,2,2,3,2,9,0,0.262820512,107,307,282,77,50,16,3,8,46,33,16,0,51,3,2,4,7,6,4,0.273049645
2019,Ozzie Albies,16556,ATL,S,77,157,149,58,37,9,1,11,29,33,6,0,20,1,1,0,0,3,0,0.389261744,154,545,491,131,77,34,7,13,73,53,48,6,92,3,3,0,2,12,4,0.266802443
2019,Pablo Reyes,16357,PIT,R,32,61,58,15,8,4,2,1,13,11,3,0,16,0,0,0,0,0,0,0.258620689,56,96,85,14,10,3,0,1,5,8,10,0,20,1,0,0,0,1,1,0.164705882
2019,Pablo Sandoval,5409,SFG,S,49,52,48,15,8,4,0,3,7,9,3,0,12,0,0,1,2,0,0,0.3125,92,244,224,58,28,19,0,11,35,32,15,2,55,1,3,1,6,1,0,0.258928571
2019,Pat Valaika,14885,COL,R,24,46,42,10,4,4,1,1,7,3,4,0,19,0,0,0,0,0,0,0.238095238,23,40,37,5,4,1,0,0,4,1,3,0,15,0,0,0,1,0,0,0.135135135
2019,Patrick Corbin,9323,WSN,L,10,19,16,0,0,0,0,0,0,0,0,0,6,0,0,3,0,0,0,0,25,53,49,6,5,1,0,0,3,4,3,0,21,0,0,1,0,0,0,0.122448979
2019,Paul DeJong,18015,STL,R,66,130,113,25,15,7,0,3,19,10,15,0,33,1,1,0,3,3,0,0.221238938,156,534,470,111,59,24,1,27,78,68,47,1,116,12,4,1,12,6,5,0.236170212
2019,Paul Goldschmidt,9218,STL,R,62,127,104,28,16,2,1,9,24,24,22,1,24,0,1,0,1,1,1,0.269230769,157,555,493,127,79,23,0,25,73,73,56,1,142,2,2,0,10,2,0,0.25760649
2019,Pedro Severino,14523,BAL,R,64,155,143,39,24,7,0,8,21,25,10,0,33,1,1,0,3,0,0,0.272727272,80,186,162,37,26,6,0,5,16,19,19,0,40,3,1,1,2,3,1,0.228395061
2019,Pete Alonso,19251,NYM,R,89,178,150,36,13,8,1,14,26,35,24,2,57,3,1,0,4,0,0,0.24,150,515,447,119,57,22,1,39,77,85,48,4,126,18,2,0,9,1,0,0.266219239
2019,Peter O'Brien,13288,MIA,R,7,15,15,1,1,0,0,0,0,0,0,0,7,0,0,0,2,0,0,0.066666666,12,32,27,6,4,1,0,1,2,4,4,0,12,1,0,0,0,1,0,0.222222222
2019,Phil Gosselin,10953,PHI,R,19,30,27,8,8,0,0,0,4,1,3,0,7,0,0,0,0,0,0,0.296296296,27,38,38,9,6,3,0,0,1,6,0,0,9,0,0,0,1,0,0,0.236842105
2019,Phillip Ervin,14738,CIN,R,54,95,86,30,18,4,4,4,13,13,8,0,19,1,0,0,0,1,1,0.348837209,71,165,150,34,21,7,3,3,17,10,10,0,44,3,2,0,4,3,2,0.226666666
2019,Rafael Devers,17350,BOS,L,105,219,208,56,34,15,0,7,37,29,6,0,42,4,1,0,1,0,1,0.269230769,145,483,439,145,77,39,4,25,92,86,42,7,77,0,1,1,7,8,7,0.330296127
2019,Rafael Ortega,10323,ATL,L,9,12,12,1,1,0,0,0,0,0,0,0,3,0,0,0,0,0,0,0.083333333,33,84,76,17,12,3,0,2,7,10,8,0,19,0,0,0,2,3,0,0.22368421
2019,Raimel Tapia,14350,COL,L,55,104,101,28,23,1,1,3,11,9,3,0,35,0,0,0,0,1,1,0.277227722,131,343,325,89,57,22,4,6,43,35,18,0,65,0,0,0,2,8,2,0.273846153
2019,Ramon Laureano,17128,OAK,R,67,135,125,37,22,9,0,6,25,17,5,0,31,2,3,0,0,4,1,0.296,114,346,309,88,50,20,0,18,54,50,22,0,92,9,5,1,7,9,1,0.284789644
2019,Randal Grichuk,10243,TOR,R,92,206,188,47,26,9,3,9,24,26,16,0,46,1,1,0,3,1,0,0.25,138,422,398,89,45,20,2,22,51,54,19,0,117,4,1,0,17,1,1,0.22361809
2019,Reese McGuire,15674,TOR,L,15,24,21,5,4,0,0,1,1,3,2,0,5,0,0,0,0,0,0,0.238095238,28,81,76,24,13,7,0,4,13,8,5,0,13,0,0,0,1,0,0,0.315789473
2019,Renato Nunez,14503,BAL,R,98,221,200,54,32,9,0,13,34,38,14,1,44,4,3,0,4,0,0,0.27,140,378,341,78,45,15,0,18,38,52,30,0,99,6,1,0,5,1,1,0.228739002
2019,Rhys Hoskins,16472,PHI,R,89,188,138,36,17,9,1,9,27,27,45,4,38,2,2,0,3,1,0,0.260869565,154,517,432,93,45,24,4,20,59,58,71,2,135,9,4,0,7,1,2,0.215277777
2019,Richard Urena,16411,TOR,S,18,30,26,6,3,3,0,0,1,1,2,0,6,0,0,2,0,0,0,0.23076923,28,50,48,12,9,3,0,0,3,3,0,0,17,1,0,1,0,0,0,0.25
2019,Richie Martin,17736,BAL,R,72,163,148,36,28,4,1,3,11,13,9,0,36,3,1,2,3,6,1,0.243243243,72,146,135,23,14,4,2,3,18,10,5,0,47,3,0,3,3,4,0,0.17037037
2019,Rio Ruiz,14103,BAL,L,46,74,68,17,13,3,0,1,5,11,4,0,18,0,1,1,3,0,0,0.25,113,339,302,69,46,10,2,11,30,35,36,0,70,0,1,0,9,0,1,0.228476821
2019,Robbie Grossman,5254,OAK,S,38,58,52,9,6,1,1,1,8,9,6,0,12,0,0,0,1,1,0,0.173076923,130,424,368,92,65,20,2,5,49,29,53,2,74,1,2,0,6,8,4,0.25
2019,Robbie Ray,11486,ARI,L,12,16,15,1,1,0,0,0,0,2,0,0,9,0,0,1,1,0,0,0.066666666,24,44,40,3,3,0,0,0,1,1,0,0,19,0,0,4,1,0,0,0.075
2019,Robel Garcia,13167,CHC,S,13,20,18,2,0,0,1,1,2,2,2,0,11,0,0,0,2,0,0,0.111111111,24,60,54,13,6,2,1,4,6,9,5,0,24,0,1,0,0,0,0,0.24074074
2019,Roberto Perez,2900,CLE,R,73,153,129,34,22,2,1,9,20,19,20,1,43,0,1,3,3,0,0,0.263565891,107,296,260,59,37,7,0,15,26,44,25,0,84,4,3,4,9,0,0,0.226923076
2019,Robinson Cano,3269,NYM,L,65,118,107,23,19,2,0,2,7,7,6,0,24,4,1,0,5,0,0,0.214953271,99,305,283,77,40,26,0,11,39,32,19,3,45,1,2,0,11,0,0,0.272084805
2019,Robinson Chirinos,3142,HOU,R,59,114,84,23,12,8,0,3,14,17,27,1,32,0,3,0,4,1,1,0.273809523,107,323,282,64,35,14,1,14,43,41,24,0,93,13,2,2,7,0,1,0.226950354
2019,Roman Quinn,13546,PHI,S,28,55,47,9,6,1,0,2,7,6,8,0,14,0,0,0,1,5,0,0.191489361,36,67,61,14,9,2,1,2,11,5,4,0,20,1,0,1,1,3,0,0.229508196
2019,Ronald Acuna Jr.,18401,ATL,R,68,146,126,34,21,2,1,10,29,24,15,1,38,3,0,0,1,5,2,0.269841269,150,569,500,141,89,20,1,31,98,77,61,3,150,6,1,0,7,32,7,0.282
2019,Ronald Guzman,14388,TEX,L,42,80,67,9,2,5,0,2,9,9,10,0,26,0,3,0,1,1,0,0.134328358,76,215,189,47,24,15,0,8,25,27,22,1,61,3,1,0,6,0,2,0.248677248
2019,Ronny Rodriguez,11875,DET,R,39,71,67,16,8,4,1,3,5,13,3,0,20,0,1,0,1,0,0,0.23880597,80,223,209,45,24,8,2,11,24,30,10,0,62,0,4,0,4,3,1,0.215311004
2019,Rosell Herrera,11611,MIA,S,26,35,32,4,3,0,0,1,3,2,2,0,9,0,0,1,0,1,0,0.125,47,84,73,17,10,6,0,1,7,9,9,1,18,2,0,0,2,3,1,0.232876712
2019,Rougned Odor,12282,TEX,L,88,189,165,39,16,14,0,9,27,32,21,0,57,2,0,1,2,4,2,0.236363636,135,392,357,68,30,16,1,21,50,61,31,2,121,3,1,0,2,7,7,0.19047619
2019,Rowdy Tellez,15679,TOR,L,64,126,115,31,15,10,0,6,13,23,8,0,37,1,2,0,3,1,1,0.269565217,105,283,255,53,29,9,0,15,36,31,21,3,79,6,1,0,6,0,0,0.207843137
2019,Russell Martin,4616,LAD,R,39,66,55,12,8,1,0,3,12,5,9,0,14,2,0,0,1,1,0,0.218181818,70,183,154,34,27,4,0,3,17,15,21,3,46,6,2,0,0,0,0,0.22077922
2019,Ryan Braun,3410,MIL,R,82,176,157,45,21,13,1,10,22,25,16,1,27,2,0,0,6,3,0,0.286624203,134,332,302,86,55,18,1,12,48,50,18,0,78,6,3,0,9,8,1,0.284768211
2019,Ryan Cordell,15181,CHW,R,51,105,97,21,16,3,0,2,9,7,6,0,33,0,1,1,2,0,0,0.216494845,64,142,120,27,17,5,0,5,13,17,13,0,36,3,1,5,0,3,1,0.225
2019,Ryan Goins,9807,CHW,L,20,37,32,13,10,0,1,2,5,6,3,0,7,1,0,1,2,0,1,0.40625,49,126,112,23,17,6,0,0,8,4,14,1,37,0,0,0,5,0,0,0.205357142
2019,Ryan McBroom,16524,KCR,R,12,28,25,7,4,3,0,0,3,1,3,0,8,0,0,0,1,0,0,0.28,20,55,50,15,13,2,0,0,5,5,4,0,17,1,0,0,2,0,0,0.3
2019,Ryan McMahon,15112,COL,L,78,162,152,39,24,5,0,10,20,28,9,0,56,0,0,1,5,1,0,0.256578947,125,377,328,81,49,17,1,14,50,55,47,1,104,1,1,0,9,4,1,0.246951219
2019,Ryan O'Hearn,16442,KCR,L,41,61,53,9,7,1,0,1,4,3,7,0,20,0,1,0,1,0,0,0.16981132,102,309,275,55,29,12,1,13,28,35,32,1,79,1,1,0,6,0,1,0.2
2019,Ryan Zimmerman,4220,WSN,R,30,53,49,18,13,3,0,2,5,8,4,0,12,0,0,0,2,0,0,0.367346938,51,137,122,26,16,6,0,4,15,19,13,0,27,0,2,0,2,0,0,0.213114754
2019,Ryon Healy,15447,SEA,R,22,51,45,9,4,5,0,0,6,5,5,0,13,0,1,0,0,0,0,0.2,42,136,124,31,13,11,0,7,18,21,8,0,27,1,3,0,1,0,0,0.25
2019,Sam Hilliard,17954,COL,L,12,20,15,4,2,0,0,2,2,3,5,0,5,0,0,0,1,0,0,0.266666666,24,67,62,17,6,4,2,5,11,10,4,0,18,1,0,0,0,2,0,0.274193548
2019,Sam Travis,16263,BOS,R,49,104,95,21,14,2,0,5,13,14,8,2,21,0,1,0,6,0,0,0.221052631,34,53,49,10,6,2,1,1,4,2,3,0,15,1,0,0,0,2,0,0.204081632
2019,Sandy Leon,5273,BOS,S,37,79,75,14,11,0,0,3,6,9,2,0,18,0,0,2,0,0,0,0.186666666,50,112,97,19,14,3,0,2,8,10,11,0,29,1,1,2,0,0,0,0.195876288
2019,Scooter Gennett,10339,2 Tms,L,19,30,29,5,4,0,0,1,2,2,0,0,8,0,1,0,0,0,0,0.172413793,39,109,104,25,17,7,0,1,13,9,2,0,33,2,1,0,1,0,0,0.240384615
2019,Scott Heineman,14453,TEX,R,13,34,30,6,5,1,0,0,4,2,4,0,9,0,0,0,0,0,2,0.2,18,51,45,10,3,5,0,2,4,5,5,0,11,1,0,0,3,1,0,0.222222222
2019,Scott Kingery,17975,PHI,R,65,129,123,36,18,10,1,7,17,13,5,1,40,0,1,0,0,1,3,0.292682926,118,371,335,82,43,24,3,12,47,42,29,0,107,5,1,1,3,14,1,0.244776119
2019,Scott Schebler,12225,CIN,L,10,13,13,2,1,0,0,1,2,2,0,0,2,0,0,0,1,0,0,0.153846153,30,82,68,8,5,2,0,1,9,5,14,0,25,0,0,0,2,0,1,0.117647058
2019,Sean Murphy,19352,OAK,R,10,20,18,5,3,2,0,0,5,3,2,0,5,0,0,0,2,0,0,0.277777777,18,40,35,8,1,3,0,4,9,5,4,0,11,1,0,0,1,0,0,0.228571428
2019,Sean Rodriguez,6589,PHI,R,48,78,66,15,10,2,0,3,12,7,10,0,26,2,0,0,2,0,1,0.227272727,39,61,46,10,6,3,0,1,12,5,9,0,15,1,1,4,0,1,0,0.217391304
2019,Seth Brown,18171,OAK,L,10,14,14,3,3,0,0,0,1,1,0,0,4,0,0,0,1,0,0,0.214285714,25,69,61,19,9,8,2,0,10,12,7,0,19,1,0,0,1,1,0,0.311475409
2019,Shed Long Jr.,16542,SEA,L,20,41,36,12,6,4,1,1,5,2,5,0,6,0,0,0,0,0,0,0.333333333,40,127,116,28,16,8,0,4,16,13,11,0,34,0,0,0,1,3,3,0.24137931
2019,Sheldon Neuse,19635,OAK,R,17,36,33,7,5,2,0,0,2,4,2,0,13,0,1,0,2,0,0,0.212121212,12,25,23,7,6,1,0,0,1,3,2,0,6,0,0,0,0,0,0,0.304347826
2019,Shin-Soo Choo,3174,TEX,L,87,189,166,38,28,4,0,6,26,19,14,0,53,8,1,0,2,4,0,0.228915662,140,471,397,111,64,27,2,18,67,42,64,3,112,10,0,0,4,11,1,0.279596977
2019,Shohei Ohtani,19755,LAA,L,60,116,103,29,20,4,2,3,12,13,10,0,37,1,1,0,0,1,0,0.281553398,101,309,281,81,47,16,3,15,39,49,23,1,73,1,3,0,6,11,3,0.288256227
2019,Starlin Castro,4579,MIA,R,87,174,164,53,37,7,0,9,20,21,8,1,28,0,2,0,5,0,0,0.323170731,158,502,472,119,78,24,4,13,48,65,20,1,83,3,7,0,18,2,2,0.252118644
2019,Starling Marte,9241,PIT,R,72,140,134,36,20,8,2,6,18,16,2,1,28,1,2,1,3,7,2,0.268656716,126,446,405,123,79,23,4,17,79,66,23,0,66,15,2,1,12,18,4,0.303703703
2019,Stephen Piscotty,13367,OAK,R,45,92,86,31,20,5,0,6,17,17,5,0,17,0,1,0,2,0,0,0.360465116,91,301,271,58,38,12,1,7,29,27,24,0,67,3,2,1,11,2,0,0.21402214
2019,Stephen Strasburg,10131,WSN,R,15,27,25,2,2,0,0,0,0,0,0,0,14,0,0,2,0,0,0,0.08,24,53,47,10,8,1,0,1,4,10,3,0,11,0,0,3,0,0,0,0.212765957
2019,Stephen Vogt,5000,SFG,L,32,47,45,10,5,3,0,2,4,8,1,0,15,0,1,0,0,1,0,0.222222222,95,233,210,57,26,21,2,8,26,32,19,1,51,1,3,0,1,2,1,0.271428571
2019,Steve Pearce,9957,BOS,R,21,43,40,8,6,1,0,1,5,3,2,0,16,0,0,0,1,0,0,0.2,22,56,49,8,5,3,0,0,4,6,5,0,15,1,1,0,4,0,0,0.163265306
2019,Steven Brault,15291,PIT,L,10,11,8,4,4,0,0,0,3,1,1,0,1,0,0,2,0,0,0,0.5,25,39,34,10,8,1,0,1,5,1,0,0,7,0,0,5,1,0,0,0.294117647
2019,Steven Duggar,17719,SFG,L,48,96,87,18,16,2,0,0,9,5,5,0,35,1,3,0,1,1,2,0.206896551,64,185,174,43,27,10,2,4,17,23,11,0,43,0,0,0,0,0,2,0.247126436
2019,Steven Matz,13361,NYM,R,12,22,21,6,5,0,0,1,2,1,0,0,6,0,0,1,0,0,0,0.285714285,23,39,36,7,7,0,0,0,2,0,0,0,11,0,0,3,0,0,0,0.194444444
2019,Stevie Wilkerson,16041,BAL,S,69,132,117,18,12,5,0,1,11,9,9,0,47,5,1,0,2,0,1,0.153846153,95,229,212,56,32,13,2,9,30,26,13,0,61,2,1,1,3,3,2,0.264150943
2019,Teoscar Hernandez,13066,TOR,R,84,164,142,35,18,7,2,8,20,25,21,1,49,0,1,0,2,2,1,0.246478873,113,300,275,61,31,12,0,18,38,40,24,0,104,1,0,0,6,4,2,0.221818181
2019,Terrance Gore,13658,KCR,R,14,24,20,9,8,1,0,0,4,0,3,0,4,1,0,0,0,5,3,0.45,26,34,31,5,3,1,1,0,9,1,3,0,14,0,0,0,0,8,2,0.161290322
2019,Thairo Estrada,16426,NYY,R,11,15,13,2,2,0,0,0,3,1,2,0,5,0,0,0,0,1,0,0.153846153,26,54,51,14,8,3,0,3,9,11,1,0,10,1,0,1,1,3,0,0.274509803
2019,Tim Anderson,15172,CHW,R,61,151,144,47,33,9,0,5,28,17,6,0,28,0,1,0,0,4,1,0.326388888,120,367,354,120,84,23,0,13,53,39,9,0,81,3,1,0,12,13,4,0.33898305
2019,Tim Beckham,7949,SEA,R,45,100,93,26,18,4,0,4,12,15,6,0,34,1,0,0,2,0,1,0.279569892,80,228,211,46,17,17,1,11,27,32,15,0,68,2,0,0,5,1,2,0.218009478
2019,Tim Federowicz,8609,TEX,R,12,28,25,5,4,1,0,0,0,1,0,0,4,0,0,3,1,0,0,0.2,23,55,50,7,2,1,0,4,6,6,5,0,27,0,0,0,0,1,0,0.14
2019,Tim Locastro,15124,ARI,R,50,96,80,18,11,4,2,1,14,5,7,0,21,9,0,0,0,1,0,0.225,75,154,132,35,27,8,0,0,24,12,7,0,23,13,1,1,1,16,0,0.265151515
2019,Tim Lopes,14137,SEA,R,26,53,47,15,11,3,0,1,5,4,6,0,9,0,0,0,0,3,2,0.319148936,29,75,64,15,11,4,0,0,6,8,9,0,20,1,1,0,1,3,1,0.234375
2019,Todd Frazier,785,NYM,R,64,142,126,37,22,7,0,8,17,21,13,0,30,3,0,0,3,0,0,0.293650793,118,357,321,75,48,12,2,13,46,46,27,1,76,9,0,0,6,1,2,0.233644859
2019,Tom Murphy,13499,SEA,R,55,130,118,41,23,6,1,11,18,25,11,0,37,1,0,0,0,1,0,0.347457627,65,151,142,30,17,6,0,7,14,15,8,0,50,0,1,0,0,1,0,0.211267605
2019,Tomas Nido,13755,NYM,R,18,39,36,7,4,1,0,2,2,2,3,0,9,0,0,0,2,0,0,0.194444444,38,105,100,19,13,4,0,2,7,12,4,2,28,0,0,1,2,0,0,0.19
2019,Tommy Edman,19470,STL,S,44,92,84,27,16,4,3,4,19,11,5,0,14,3,0,0,1,2,0,0.321428571,88,257,242,72,48,13,4,7,40,25,11,0,47,4,0,0,2,13,1,0.297520661
2019,Tommy La Stella,12371,LAA,L,48,90,83,22,17,2,0,3,10,7,5,0,8,1,0,0,0,0,0,0.26506024,73,231,209,64,45,6,0,13,39,37,15,0,20,2,0,0,8,0,0,0.306220095
2019,Tommy Pham,2967,TBR,R,84,197,159,54,38,13,0,3,27,12,37,3,35,1,0,0,7,8,2,0.339622641,140,457,408,101,61,20,2,18,50,56,44,1,88,4,1,0,15,17,2,0.247549019
2019,Tony Kemp,14894,2 Tms,L,30,44,38,9,5,1,2,1,5,7,2,0,4,2,2,0,2,0,0,0.236842105,100,235,207,43,26,8,2,7,26,22,21,1,43,4,2,1,2,4,4,0.207729468
2019,Tony Wolters,11470,COL,L,64,124,107,30,20,10,0,0,11,12,13,1,20,2,0,2,4,0,0,0.280373831,106,287,252,64,54,7,2,1,31,30,23,4,48,6,6,0,5,0,1,0.253968253
2019,Travis d'Arnaud,7739,2 Tms,R,68,150,134,37,20,7,0,10,19,27,13,0,32,0,3,0,1,0,1,0.276119402,96,241,217,51,36,9,0,6,33,42,19,0,53,2,3,0,3,0,0,0.235023041
2019,Travis Demeritte,15958,DET,R,27,48,45,11,7,4,0,0,7,0,3,0,15,0,0,0,0,0,0,0.244444444,47,138,124,27,19,3,2,3,17,10,11,0,48,1,1,1,3,3,0,0.217741935
2019,Travis Shaw,11982,MIL,L,32,51,49,5,4,1,0,0,0,2,0,0,17,2,0,0,1,0,0,0.102040816,81,219,181,31,20,4,0,7,22,14,36,3,72,2,0,0,4,0,0,0.171270718
2019,Trea Turner,16252,WSN,R,58,128,117,37,26,9,0,2,21,6,10,2,23,0,1,0,1,8,1,0.316239316,119,441,404,118,68,28,5,17,75,51,33,0,90,3,1,0,9,27,4,0.292079207
2019,Trent Grisham,18564,MIL,L,24,36,32,7,4,1,1,1,4,4,3,0,14,1,0,0,1,0,0,0.21875,46,147,124,29,18,5,1,5,20,20,17,0,34,3,3,0,2,1,0,0.233870967
2019,Trevor Story,12564,COL,R,75,187,172,54,30,14,1,9,27,24,13,0,49,2,0,0,0,8,4,0.313953488,140,469,416,119,65,24,4,26,84,61,45,0,125,5,3,0,3,15,4,0.286057692
2019,Trevor Williams,16977,PIT,R,10,17,12,2,2,0,0,0,2,0,1,0,6,0,0,4,0,0,0,0.166666666,12,27,24,4,4,0,0,0,0,4,1,0,11,0,0,2,0,0,0,0.166666666
2019,Trey Mancini,15149,BAL,R,93,219,191,53,26,15,0,12,40,26,22,2,47,5,1,0,9,0,0,0.27748691,150,460,411,122,74,23,2,23,66,71,41,1,96,4,4,0,13,1,0,0.296836982
2019,Tucker Barnhart,10200,CIN,S,39,51,45,6,5,1,0,0,4,3,6,1,14,0,0,0,0,1,0,0.133333333,105,313,271,67,43,13,0,11,28,37,38,6,69,2,1,1,5,0,0,0.247232472
2019,Ty France,17982,SDP,R,30,57,55,13,6,3,0,4,7,9,1,0,18,1,0,0,4,0,0,0.236363636,62,144,129,30,21,5,1,3,13,15,8,0,31,6,1,0,4,0,2,0.232558139
2019,Tyler Austin,11850,3 Tms,R,54,110,92,21,11,4,0,6,20,16,17,1,36,0,1,0,1,1,0,0.228260869,54,69,62,8,3,1,1,3,10,8,7,0,31,0,0,0,1,1,0,0.129032258
2019,Tyler Beede,16981,SFG,R,10,16,16,0,0,0,0,0,0,0,0,0,12,0,0,0,0,0,0,0,15,27,22,4,4,0,0,0,2,1,3,0,11,0,0,2,0,0,0,0.181818181
2019,Tyler Flowers,9134,ATL,R,47,99,84,13,7,3,2,1,9,8,13,3,32,1,1,0,3,0,0,0.154761904,76,211,187,49,30,8,1,10,27,26,18,0,73,5,1,0,5,0,0,0.262032085
2019,Tyler Mahle,16358,CIN,R,5,10,9,0,0,0,0,0,0,0,0,0,6,0,0,1,0,0,0,0,19,31,25,3,2,1,0,0,4,0,1,0,13,0,0,5,0,0,0,0.12
2019,Tyler Naquin,13359,CLE,L,39,71,63,18,12,2,0,4,8,10,4,0,14,1,2,1,4,0,0,0.285714285,82,223,211,61,38,17,0,6,26,24,10,2,52,1,0,1,4,4,2,0.289099526
2019,Tyler O'Neill,15711,STL,R,20,29,26,7,6,1,0,0,3,0,3,0,12,0,0,0,2,0,0,0.269230769,51,122,115,30,20,5,0,5,15,16,7,0,41,0,0,0,1,1,0,0.260869565
2019,Tyler Saladino,10807,MIL,R,9,19,18,2,1,0,0,1,1,4,1,0,9,0,0,0,0,0,0,0.111111111,25,52,47,6,5,0,0,1,6,4,4,0,17,1,0,0,1,2,0,0.127659574
2019,Tyler Wade,15730,NYY,L,12,19,18,5,3,2,0,0,1,2,1,0,6,0,0,0,0,2,0,0.277777777,37,89,76,18,14,1,1,2,15,9,10,0,22,1,0,2,0,5,0,0.236842105
2019,Tyler White,15564,2 Tms,R,47,104,89,13,9,3,0,1,8,8,14,0,32,0,1,0,2,0,0,0.146067415,72,175,151,37,24,11,0,2,10,15,22,0,46,0,2,0,5,0,0,0.245033112
2019,Victor Caratini,14968,CHC,S,36,48,40,10,6,3,0,1,6,4,6,0,10,2,0,0,1,0,0,0.25,89,231,204,55,37,8,0,10,25,30,23,0,49,1,3,0,5,1,0,0.269607843
2019,Victor Reyes,15487,DET,S,37,75,72,21,16,3,2,0,11,6,3,0,18,0,0,0,2,4,0,0.291666666,65,217,204,63,44,13,3,3,18,19,11,0,46,0,2,0,3,5,3,0.308823529
2019,Victor Robles,18363,WSN,R,89,159,137,34,21,9,1,3,21,13,8,0,32,13,1,0,2,12,4,0.248175182,150,458,409,105,65,24,2,14,65,52,27,3,108,12,4,6,4,16,5,0.256723716
2019,Vladimir Guerrero Jr.,19611,TOR,R,68,145,130,28,19,5,0,4,17,15,15,0,23,0,0,0,6,0,0,0.215384615,121,369,334,98,64,21,2,11,35,54,31,0,68,2,2,0,11,0,1,0.293413173
2019,Walker Buehler,19374,LAD,R,10,19,18,0,0,0,0,0,0,0,0,0,10,0,0,1,0,0,0,0,23,47,41,5,4,0,0,1,5,2,4,0,23,0,0,2,0,0,0,0.121951219
2019,Welington Castillo,3256,CHW,R,42,90,81,18,8,8,0,2,6,14,6,0,27,2,1,0,3,0,0,0.222222222,59,161,149,30,16,4,0,10,13,27,10,0,47,1,1,0,5,0,0,0.201342281
2019,Whit Merrifield,11281,KCR,R,101,208,193,54,31,14,1,8,34,28,14,2,32,0,1,0,2,10,1,0.279792746,157,527,488,152,108,27,9,8,71,46,31,3,94,5,3,0,6,10,9,0.311475409
2019,Wil Myers,10047,SDP,R,57,104,86,20,11,1,1,7,14,15,18,0,39,0,0,0,4,3,2,0.232558139,134,386,349,84,52,21,0,11,44,38,33,0,129,2,1,1,8,13,5,0.240687679
2019,Wilfredo Tovar,10416,LAA,R,23,47,43,10,7,3,0,0,1,4,4,0,6,0,0,0,0,0,0,0.232558139,20,41,40,6,4,2,0,0,4,1,1,0,9,0,0,0,0,0,0,0.15
2019,Will Smith,19197,LAD,R,31,64,57,12,7,2,0,3,7,7,5,1,25,1,1,0,1,1,0,0.210526315,50,132,113,31,12,7,0,12,23,35,13,0,27,4,2,0,2,1,0,0.274336283
2019,Willi Castro,17338,DET,S,12,22,20,5,3,1,0,1,4,3,2,0,6,0,0,0,1,0,0,0.25,29,88,80,18,12,5,1,0,6,5,4,0,28,2,1,1,3,0,1,0.225
2019,Willians Astudillo,15608,MIN,R,28,55,52,13,11,1,0,1,6,5,1,0,3,1,1,0,0,0,0,0.25,56,149,138,38,27,8,0,3,22,16,4,0,5,4,3,0,6,0,0,0.275362318
2019,Willie Calhoun,17838,TEX,L,54,111,102,23,10,5,1,7,15,15,7,0,19,1,1,0,1,0,0,0.225490196,78,226,207,60,37,9,0,14,36,33,16,0,34,2,1,0,4,0,0,0.289855072
2019,Willson Contreras,11609,CHC,R,49,85,75,24,14,3,1,6,15,14,9,1,21,1,0,0,2,0,0,0.32,97,324,285,74,40,15,1,18,42,50,29,1,81,8,2,0,2,1,2,0.259649122
2019,Willy Adames,15986,TBR,R,103,198,182,33,20,5,0,8,18,15,13,0,55,0,1,2,3,1,1,0.181318681,142,386,349,102,69,20,1,12,51,37,33,1,98,3,0,1,6,3,1,0.29226361
2019,Wilmer Difo,14320,WSN,S,20,29,28,9,8,0,0,1,5,2,1,0,8,0,0,0,1,0,0,0.321428571,40,115,103,24,21,2,0,1,10,6,11,3,21,0,0,1,1,0,1,0.233009708
2019,Wilmer Flores,5827,ARI,R,47,109,104,35,20,8,0,7,17,17,4,0,12,1,0,0,3,0,0,0.336538461,77,176,161,49,37,10,0,2,14,20,11,0,19,3,1,0,6,0,0,0.304347826
2019,Wilson Ramos,1433,NYM,R,65,123,107,37,28,4,0,5,16,20,15,2,15,0,1,0,7,0,0,0.345794392,131,401,366,99,75,15,0,9,36,53,29,3,54,4,2,0,9,1,0,0.270491803
2019,Xander Bogaerts,12161,BOS,R,87,184,165,48,25,13,0,10,31,37,18,2,35,0,1,0,3,2,0,0.29090909,149,514,449,142,80,39,0,23,79,80,58,0,87,2,5,0,8,2,2,0.316258351
2019,Yadiel Rivera,11863,MIA,R,19,31,28,6,5,1,0,0,3,3,3,0,12,0,0,0,1,0,0,0.214285714,21,35,32,5,4,1,0,0,5,0,3,0,8,0,0,0,0,2,0,0.15625
2019,Yadier Molina,7007,STL,R,48,86,75,24,17,5,0,2,11,11,9,0,5,1,1,0,5,1,0,0.32,109,366,344,89,62,19,0,8,34,46,14,0,53,4,4,0,9,5,0,0.25872093
2019,Yairo Munoz,16313,STL,R,30,43,39,11,10,1,0,0,3,2,4,0,11,0,0,0,0,1,1,0.282051282,70,138,133,35,26,6,1,2,17,11,3,0,26,1,1,0,5,7,2,0.263157894
2019,Yan Gomes,9627,WSN,R,45,85,69,18,11,3,0,4,9,13,15,1,15,1,0,0,2,0,0,0.260869565,92,273,245,52,31,13,0,8,27,30,23,5,69,4,1,0,5,2,0,0.212244897
2019,Yandy Diaz,16578,TBR,R,51,117,103,32,19,5,1,7,15,16,14,1,25,0,0,0,2,1,1,0.310679611,79,230,204,50,28,15,0,7,38,22,21,0,36,1,4,0,7,1,1,0.245098039
2019,Yangervis Solarte,5352,SFG,S,14,37,34,6,5,1,0,0,2,2,2,1,4,0,0,1,3,0,0,0.176470588,23,41,39,9,4,4,0,1,7,5,2,0,12,0,0,0,1,0,0,0.23076923
2019,Yasiel Puig,14225,2 Tms,R,74,154,136,38,27,6,0,5,17,23,14,1,30,3,1,0,4,3,1,0.279411764,144,457,419,110,65,24,2,19,59,61,30,0,103,5,3,0,9,16,6,0.262529832
2019,Yasmani Grandal,11368,MIL,S,100,194,155,40,21,7,1,11,26,25,37,1,43,0,2,0,8,2,0,0.258064516,145,438,358,86,49,19,1,17,53,52,72,1,96,5,3,0,8,3,1,0.240223463
2019,Yoan Moncada,17232,CHW,S,73,165,154,46,25,15,2,4,19,25,9,1,49,2,0,0,1,3,2,0.298701298,121,394,357,115,72,19,3,21,64,54,31,1,105,2,3,1,0,7,1,0.322128851
2019,Yolmer Sanchez,11602,CHW,S,68,131,120,35,26,7,1,1,14,10,10,0,24,0,0,1,3,1,1,0.291666666,143,424,376,90,73,13,3,1,45,33,34,1,93,5,3,6,4,4,3,0.239361702
2019,Yonathan Daza,15794,COL,R,18,36,32,6,6,0,0,0,0,2,3,0,4,0,1,0,1,1,0,0.1875,33,69,65,14,12,1,1,0,7,1,4,0,17,0,0,0,1,0,0,0.215384615
2019,Yonder Alonso,2530,2 Tms,L,42,71,63,16,7,5,0,4,8,14,7,0,14,1,0,0,2,0,0,0.253968253,110,264,229,42,28,8,0,6,26,23,32,3,56,1,2,0,11,0,1,0.183406113
2019,Yordan Alvarez,19556,HOU,L,61,131,114,35,14,12,0,9,14,25,14,0,30,2,1,0,3,0,0,0.307017543,82,238,199,63,31,14,0,18,44,53,38,4,64,0,1,0,6,0,0,0.316582914
2019,Yu Chang,14773,CLE,R,22,32,26,3,3,0,0,0,3,1,6,0,9,0,0,0,1,0,0,0.115384615,20,52,47,10,6,2,1,1,5,5,5,0,13,0,0,0,3,0,0,0.212765957
2019,Yu Darvish,13074,CHC,R,6,10,10,2,2,0,0,0,1,1,0,0,5,0,0,0,0,0,0,0.2,25,52,46,3,3,0,0,0,0,2,2,0,26,0,1,3,1,0,0,0.065217391
2019,Yuli Gurriel,19198,HOU,R,86,177,158,38,15,15,1,7,23,23,18,1,12,1,0,0,4,2,1,0.240506329,139,435,406,130,80,25,1,24,62,81,19,1,53,4,6,0,8,3,2,0.320197044
2019,Zach Davies,13183,MIL,R,17,24,23,3,2,1,0,0,1,1,1,0,12,0,0,0,1,0,0,0.130434782,19,31,29,5,4,1,0,0,2,2,0,0,13,0,0,2,0,0,0,0.172413793
2019,Zach Eflin,13774,PHI,R,15,24,22,5,5,0,0,0,2,1,0,0,10,0,0,2,0,0,0,0.227272727,17,28,28,3,2,1,0,0,1,1,0,0,17,0,0,0,0,0,0,0.107142857
2019,Zack Collins,19181,CHW,L,12,25,22,3,3,0,0,0,2,2,2,0,11,1,0,0,0,0,0,0.136363636,27,77,64,13,6,3,1,3,8,10,12,1,28,0,0,0,1,0,0,0.203125
2019,Zack Cozart,2616,LAA,R,22,50,42,5,5,0,0,0,2,3,4,0,7,1,3,0,1,0,0,0.119047619,22,57,55,7,5,2,0,0,2,4,1,0,9,1,0,0,1,0,0,0.127272727
2019,Zack Greinke,1943,2 Tms,R,13,21,19,8,4,2,0,2,4,5,1,0,4,0,0,1,0,0,0,0.421052631,18,35,31,6,2,2,1,1,3,3,1,0,8,0,0,3,2,1,1,0.193548387
2019,Zack Wheeler,10310,NYM,L,10,15,13,2,2,0,0,0,1,1,0,0,4,1,0,1,0,0,0,0.153846153,23,49,44,10,7,2,0,1,4,5,2,0,15,1,0,2,0,0,0,0.227272727
